Term	ID	MatchScore	Ontology
Acinar Cell Carcinoma	DOID:3025	10	DOID
Acinar Cell Carcinoma	MONDO:0004965	10	MONDO
Acinar Cell Carcinoma	NCIT:C3768	10	NCIT
Acinic Cell Carcinoma	DOID:3025	8	DOID
Acinic Cell Carcinoma	MONDO:0004965	8	MONDO
Acinic Cell Carcinoma	NCIT:C3768	8	NCIT
Acoustic Neuroma	DOID:12689	10	DOID
Acoustic Neuroma	MONDO:0001569	10	MONDO
Acoustic Neuroma	NCIT:C3276	8	NCIT
Acquired melanocytic nevus	no_match	n/a	none
Acral Lentiginous Melanoma	DOID:6367	10	DOID
Acral Lentiginous Melanoma	MONDO:0003865	10	MONDO
Acute Leukemia of Unspecified Cell Type	no_match	n/a	none
Acute Leukemia	DOID:12603	10	DOID
Acute Leukemia	MONDO:0010643	10	MONDO
Acute Leukemia	NCIT:C9300	10	NCIT
Acute Lymphocytic Leukemia	DOID:9952	10	DOID
Acute Lymphocytic Leukemia	MONDO:0004967	8	MONDO
Acute Lymphocytic Leukemia	NCIT:C3167	8	NCIT
Acute Myeloid Leukemia	DOID:9119	10	DOID
Acute Myeloid Leukemia	MONDO:0018874	10	MONDO
Acute Myeloid Leukemia	NCIT:C3171	10	NCIT
Acute Promyelocytic Leukemia	DOID:0060318	10	DOID
Acute Promyelocytic Leukemia	MONDO:0012883	10	MONDO
Acute Promyelocytic Leukemia	NCIT:C3182	8	NCIT
Acute lymphoblastic leukemia	DOID:9952	8	DOID
Acute lymphoblastic leukemia	MONDO:0004967	10	MONDO
Acute lymphoblastic leukemia	NCIT:C3167	10	NCIT
Acute myeloid leukemia	DOID:9119	10	DOID
Acute myeloid leukemia	MONDO:0018874	10	MONDO
Acute myeloid leukemia	NCIT:C3171	10	NCIT
Acute myeloid leukemia;Acute lymphoblastic leukemia;Myelodisplasic syndrome	no_match	n/a	none
Acute myeloid leukemia;Cervix;Ovary	no_match	n/a	none
Acute myeloid leukemia;Lung adenocarcinoma;Acute lymphoblastic leukemia	no_match	n/a	none
Acute myeloid leukemia;Myelodisplasic proliferative syndrome	no_match	n/a	none
Acute promyelocytic leukemia	DOID:0060318	10	DOID
Acute promyelocytic leukemia	MONDO:0012883	10	MONDO
Acute promyelocytic leukemia	NCIT:C3182	8	NCIT
Adenocarcinoma of large intestine	DOID:0050913	10	DOID
Adenocarcinoma of large intestine	MONDO:0005008	8	MONDO
Adenocarcinoma of large intestine	NCIT:C5105	8	NCIT
Adenocarcinoma of lung	DOID:3910	10	DOID
Adenocarcinoma of lung	MONDO:0005061	10	MONDO
Adenocarcinoma of lung	NCIT:C3512	10	NCIT
Adenocarcinoma of lung	DOID:3910	10	DOID
Adenocarcinoma of lung	MONDO:0005061	10	MONDO
Adenocarcinoma of lung	NCIT:C3512	10	NCIT
Adenocarcinoma	DOID:299	10	DOID
Adenocarcinoma	MONDO:0004970	10	MONDO
Adenocarcinoma	NCIT:C2852	10	NCIT
Adenoid Cystic Carcinoma	DOID:0080202	10	DOID
Adenoid Cystic Carcinoma	MONDO:0004971	10	MONDO
Adenoid Cystic Carcinoma	NCIT:C2970	10	NCIT
Adenoid cystic carcinoma	DOID:0080202	10	DOID
Adenoid cystic carcinoma	MONDO:0004971	10	MONDO
Adenoid cystic carcinoma	NCIT:C2970	10	NCIT
Adenosarcoma	DOID:1974	10	DOID
Adenosarcoma	MONDO:0005636	10	MONDO
Adenosarcoma	NCIT:C9474	10	NCIT
Adrenal Gland Pheochromocytoma	DOID:0050892	10	DOID
Adrenal Gland Pheochromocytoma	MONDO:0004974	10	MONDO
Adrenal Gland Pheochromocytoma	NCIT:C3326	10	NCIT
Adrenal adenoma	DOID:656	10	DOID
Adrenal adenoma	MONDO:0003924	8	MONDO
Adrenal adenoma	NCIT:C9003	8	NCIT
Adrenocortical Carcinoma	DOID:3948	10	DOID
Adrenocortical Carcinoma	MONDO:0006639	8	MONDO
Adrenocortical Carcinoma	NCIT:C9325	8	NCIT
Adult B-Lymphoblastic Leukemia	DOID:0060592	8	DOID
Adult B-Lymphoblastic Leukemia	MONDO:0000814	8	MONDO
Adult T-cell Leukemia	DOID:0050523	10	DOID
Adult T-cell Leukemia	MONDO:0019471	8	MONDO
Advanced Solid Tumor	no_match	n/a	none
All Solid Tumors	NCIT:C9292	9	NCIT
All Tumors	DOID:14566	7	DOID
All Tumors	MONDO:0005070	8	MONDO
All Tumors	NCIT:C3262	9	NCIT
Alveolar Rhabdomyosarcoma	DOID:4051	10	DOID
Alveolar Rhabdomyosarcoma	MONDO:0009994	10	MONDO
Alveolar Rhabdomyosarcoma	NCIT:C3749	10	NCIT
Ameloblastic Tumor	no_match	n/a	none
Anaplastic Large Cell Lymphoma	DOID:0050744	10	DOID
Anaplastic Large Cell Lymphoma	MONDO:0020325	10	MONDO
Anaplastic Large Cell Lymphoma	NCIT:C3720	10	NCIT
Anaplastic Oligodendroglioma	MONDO:0016696	10	MONDO
Anaplastic Oligodendroglioma	NCIT:C4326	10	NCIT
Anaplastic Thyroid Cancer	MONDO:0006468	8	MONDO
Anaplastic Thyroid Cancer	NCIT:C3878	8	NCIT
Anaplastic Thyroid Carcinoma	DOID:0080522	8	DOID
Anaplastic Thyroid Carcinoma	MONDO:0006468	8	MONDO
Anaplastic Thyroid Carcinoma	NCIT:C3878	8	NCIT
Anemia	DOID:2355	10	DOID
Anemia	MONDO:0002280	10	MONDO
Anemia	NCIT:C2869	10	NCIT
Angioimmunoblastic T-Cell Lymphoma	DOID:0111147	10	DOID
Angioimmunoblastic T-Cell Lymphoma	MONDO:0004977	10	MONDO
Angioimmunoblastic T-Cell Lymphoma	NCIT:C7528	10	NCIT
Angiomatoid Fibrous Histiocytoma	MONDO:0012809	8	MONDO
Angiomatoid Fibrous Histiocytoma	NCIT:C6494	10	NCIT
Angiomatosis	MONDO:0024461	10	MONDO
Angiomyolipoma	DOID:3314	10	DOID
Angiomyolipoma	MONDO:0002603	10	MONDO
Angiosarcoma	DOID:0001816	10	DOID
Angiosarcoma	MONDO:0016982	10	MONDO
Angiosarcoma	NCIT:C3088	10	NCIT
Angiosarcoma;Renal	no_match	n/a	none
Any cancer type	no_match	n/a	none
Astrocytoma	DOID:3069	10	DOID
Astrocytoma	MONDO:0019781	8	MONDO
Astrocytoma	NCIT:C60781	10	NCIT
Astrocytoma	DOID:3069	10	DOID
Astrocytoma	MONDO:0019781	8	MONDO
Astrocytoma	NCIT:C60781	10	NCIT
Astrocytoma	DOID:3069	10	DOID
Astrocytoma	MONDO:0019781	8	MONDO
Astrocytoma	NCIT:C60781	10	NCIT
Astrocytoma	DOID:3069	10	DOID
Astrocytoma	MONDO:0019781	8	MONDO
Astrocytoma	NCIT:C60781	10	NCIT
Astrocytoma	DOID:3069	10	DOID
Astrocytoma	MONDO:0019781	8	MONDO
Astrocytoma	NCIT:C60781	10	NCIT
Atypical Chronic Myeloid Leukemia	DOID:0060597	10	DOID
Atypical Chronic Myeloid Leukemia	MONDO:0020312	10	MONDO
Atypical Chronic Myeloid Leukemia	NCIT:C3519	8	NCIT
Atypical chronic myeloid leukemia	DOID:0060597	10	DOID
Atypical chronic myeloid leukemia	MONDO:0020312	10	MONDO
Atypical chronic myeloid leukemia	NCIT:C3519	8	NCIT
B Lymphoblastic Leukemia/Lymphoma	DOID:0060058	5	DOID
B Lymphoblastic Leukemia/Lymphoma	MONDO:0004947	8	MONDO
B Lymphoblastic Leukemia/Lymphoma	NCIT:C8936	10	NCIT
B cell lymphoma	no_match	n/a	none
B-Lymphoblastic Leukemia/Lymphoma with t(9;22)(q34.1;q11.2);BCR-ABL1	no_match	n/a	none
B-cell childhood acute lymphoblastic leukemia	DOID:0080146	10	DOID
B-cell childhood acute lymphoblastic leukemia	MONDO:0000872	10	MONDO
B-cell childhood acute lymphoblastic leukemia	NCIT:C9140	8	NCIT
B-cell lymphoma	DOID:707	10	DOID
B-cell lymphoma	MONDO:0015759	8	MONDO
B-cell lymphoma	NCIT:C3457	8	NCIT
BLCA	MONDO:0005611	4	MONDO
BREAST-OVARIAN CANCER	no_match	n/a	none
BREAST-OVARIAN CANCER	no_match	n/a	none
Barrett's Adenocarcinoma	DOID:7941	10	DOID
Barrett's Adenocarcinoma	MONDO:0004405	10	MONDO
Barrett's Adenocarcinoma	NCIT:C7027	10	NCIT
Basal Cell Carcinoma	DOID:2513	10	DOID
Basal Cell Carcinoma	MONDO:0005341	8	MONDO
Basal Cell Carcinoma	NCIT:C156767	10	NCIT
Basal cell carcinoma	DOID:2513	10	DOID
Basal cell carcinoma	MONDO:0005341	8	MONDO
Basal cell carcinoma	NCIT:C156767	10	NCIT
Basal cell carcinoma;Medulloblastoma	no_match	n/a	none
Benign neoplasm of skin	DOID:3165	10	DOID
Benign neoplasm of skin	MONDO:0021440	10	MONDO
Benign neoplasm of skin	NCIT:C2896	8	NCIT
Benign neoplasm of soft tissue	DOID:0060123	8	DOID
Benign neoplasm of soft tissue	MONDO:0044335	8	MONDO
Benign neoplasm of soft tissue	NCIT:C4242	8	NCIT
Benign neoplastic disease	no_match	n/a	none
Bile Duct Adenocarcinoma	DOID:4896	10	DOID
Bile Duct Adenocarcinoma	MONDO:0003193	10	MONDO
Bile Duct Adenocarcinoma	NCIT:C27813	10	NCIT
Billiary tract	no_match	n/a	none
Bladder Cancer	DOID:11054	8	DOID
Bladder Cancer	MONDO:0001187	8	MONDO
Bladder Cancer	MONDO:0022578	8	MONDO
Bladder Cancer	NCIT:C118816	8	NCIT
Bladder Cancer	NCIT:C4912	8	NCIT
Bladder Cancer	NCIT:C91458	8	NCIT
Bladder Carcinoma	DOID:4007	10	DOID
Bladder Carcinoma	MONDO:0004986	8	MONDO
Bladder Carcinoma	NCIT:C4912	10	NCIT
Bladder Urothelial Carcinoma	DOID:4006	10	DOID
Bladder Urothelial Carcinoma	MONDO:0005611	8	MONDO
Bladder Urothelial Carcinoma	NCIT:C39851	10	NCIT
Bladder	DOID:11054	8	DOID
Bladder	MONDO:0001187	8	MONDO
Bladder	MONDO:0004987	8	MONDO
Bladder	MONDO:0022578	8	MONDO
Bladder	NCIT:C2901	10	NCIT
Bladder;Head an neck;Lung	no_match	n/a	none
Bone Epithelioid Hemangioma	DOID:6610	10	DOID
Bone Epithelioid Hemangioma	MONDO:0003945	10	MONDO
Bone Epithelioid Hemangioma	NCIT:C5396	10	NCIT
Bone Ewing's Sarcoma	DOID:3368	10	DOID
Bone Ewing's Sarcoma	MONDO:0002625	8	MONDO
Bone Ewing's Sarcoma	NCIT:C4835	8	NCIT
Bone Marrow Cancer	DOID:4960	10	DOID
Bone Marrow Cancer	MONDO:0021138	10	MONDO
Bone Marrow Cancer	NCIT:C35501	8	NCIT
Bone marrow disorder	DOID:4961	9	DOID
Bone marrow disorder	MONDO:0003225	9	MONDO
Bone marrow disorder	NCIT:C34433	10	NCIT
Brain Glioma	DOID:0060108	10	DOID
Brain Glioma	MONDO:0005499	10	MONDO
Brain Medulloblastoma	DOID:0050902	8	DOID
Brain Medulloblastoma	MONDO:0007959	8	MONDO
Brain Stem Cancer	DOID:4203	10	DOID
Brain Stem Cancer	MONDO:0002912	4	MONDO
Breast Cancer	DOID:1612	10	DOID
Breast Cancer	MONDO:0007254	10	MONDO
Breast Cancer	NCIT:C118809	8	NCIT
Breast Cancer	NCIT:C4872	8	NCIT
Breast Carcinoma	DOID:3459	10	DOID
Breast Carcinoma	MONDO:0004989	10	MONDO
Breast Carcinoma	NCIT:C4872	10	NCIT
Breast adenocarcinoma	DOID:3458	10	DOID
Breast adenocarcinoma	MONDO:0004988	10	MONDO
Breast adenocarcinoma	NCIT:C5214	10	NCIT
Breast adenocarcinoma;Acute myeloid leukemia;Acute lymphoblastic leukemia	no_match	n/a	none
Breast adenocarcinoma;Any cancer type	no_match	n/a	none
Breast adenocarcinoma;Lung adenocarcinoma	no_match	n/a	none
Breast adenocarcinoma;Ovary;Cervix squamous cell;Endometrium	no_match	n/a	none
Breast adenocarcinoma;Stomach	no_match	n/a	none
Breast	DOID:1612	10	DOID
Breast	MONDO:0007254	10	MONDO
Breast	MONDO:0021100	10	MONDO
Breast	NCIT:C2910	10	NCIT
Breast	DOID:1612	10	DOID
Breast	MONDO:0007254	10	MONDO
Breast	MONDO:0021100	10	MONDO
Breast	NCIT:C2910	10	NCIT
Bronchiolo-alveolar Adenocarcinoma	DOID:4926	10	DOID
Bronchiolo-alveolar Adenocarcinoma	MONDO:0004991	4	MONDO
Bronchogenic Lung Adenocarcinoma	DOID:3910	8	DOID
Bronchogenic Lung Adenocarcinoma	MONDO:0005061	8	MONDO
Burkitt Lymphoma	DOID:8584	10	DOID
Burkitt Lymphoma	MONDO:0007243	10	MONDO
Burkitt Lymphoma	NCIT:C2912	10	NCIT
CLL/SLL	DOID:6354	10	DOID
CLL/SLL	MONDO:0003864	8	MONDO
CLL/SLL	NCIT:C27911	8	NCIT
CNS Cancer	MONDO:0002714	8	MONDO
CNS Cancer	NCIT:C4627	8	NCIT
Cancer	DOID:162	10	DOID
Cancer	MONDO:0004992	10	MONDO
Cancer	NCIT:C9305	8	NCIT
Carcinoid Tumor	MONDO:0005369	10	MONDO
Carcinoid Tumor	NCIT:C2915	10	NCIT
Carcinoma of breast	DOID:3459	10	DOID
Carcinoma of breast	MONDO:0004989	10	MONDO
Carcinoma of breast	NCIT:C4872	10	NCIT
Carcinoma of colon	DOID:1520	10	DOID
Carcinoma of colon	MONDO:0002032	10	MONDO
Carcinoma of colon	NCIT:C4910	10	NCIT
Carcinoma	DOID:305	10	DOID
Carcinoma	MONDO:0004993	10	MONDO
Carcinoma	NCIT:C2916	10	NCIT
Carcinosarcoma	DOID:4236	10	DOID
Carcinosarcoma	MONDO:0002928	10	MONDO
Carcinosarcoma	NCIT:C34448	10	NCIT
Cervical Adenocarcinoma	DOID:3702	10	DOID
Cervical Adenocarcinoma	MONDO:0005153	10	MONDO
Cervical Adenocarcinoma	NCIT:C4029	10	NCIT
Cervical Cancer	DOID:4362	10	DOID
Cervical Cancer	MONDO:0002974	10	MONDO
Cervical Cancer	NCIT:C9039	8	NCIT
Cervical Squamous Cell Carcinoma	DOID:3744	10	DOID
Cervical Squamous Cell Carcinoma	MONDO:0006143	10	MONDO
Cervical Squamous Cell Carcinoma	NCIT:C4028	8	NCIT
Cervix Carcinoma	DOID:2893	10	DOID
Cervix Carcinoma	MONDO:0005131	8	MONDO
Cervix Carcinoma	NCIT:C9039	8	NCIT
Cervix squamous cell	no_match	n/a	none
Cervix	DOID:4362	8	DOID
Cervix	MONDO:0002974	8	MONDO
Cervix	MONDO:0021230	8	MONDO
Cervix	NCIT:C2940	8	NCIT
Cervix	NCIT:C9039	8	NCIT
Cholangiocarcinoma	DOID:4947	10	DOID
Cholangiocarcinoma	MONDO:0019087	10	MONDO
Cholangiocarcinoma	NCIT:C4436	10	NCIT
Chondrosarcoma	DOID:3371	10	DOID
Chondrosarcoma	MONDO:0008977	10	MONDO
Chondrosarcoma	NCIT:C2946	10	NCIT
Chordoma	DOID:3302	10	DOID
Chordoma	MONDO:0008978	10	MONDO
Chordoma	NCIT:C2947	10	NCIT
Choriocarcinoma	DOID:3594	10	DOID
Choriocarcinoma	MONDO:0005207	10	MONDO
Choriocarcinoma	NCIT:C2948	10	NCIT
Chromophobe Renal Cell Carcinoma	DOID:4471	10	DOID
Chromophobe Renal Cell Carcinoma	MONDO:0017885	10	MONDO
Chromophobe Renal Cell Carcinoma	NCIT:C4146	10	NCIT
Chronic Eosinophilic Leukemia	DOID:0080367	10	DOID
Chronic Eosinophilic Leukemia	MONDO:0015687	10	MONDO
Chronic Eosinophilic Leukemia	NCIT:C4563	8	NCIT
Chronic Eosinophilic Leukemia	DOID:0080367	10	DOID
Chronic Eosinophilic Leukemia	MONDO:0015687	10	MONDO
Chronic Eosinophilic Leukemia	NCIT:C4563	8	NCIT
Chronic Leukemia	DOID:1036	10	DOID
Chronic Leukemia	MONDO:0001014	10	MONDO
Chronic Leukemia	NCIT:C3483	10	NCIT
Chronic Lymphocytic Leukemia	DOID:1040	10	DOID
Chronic Lymphocytic Leukemia	MONDO:0004948	8	MONDO
Chronic Lymphocytic Leukemia	NCIT:C3163	10	NCIT
Chronic Myeloid Leukemia	DOID:8552	10	DOID
Chronic Myeloid Leukemia	MONDO:0011996	8	MONDO
Chronic Myeloid Leukemia	NCIT:C3174	8	NCIT
Chronic Myeloid Leukemia	NCIT:C91465	8	NCIT
Chronic Myeloid Leukemia	DOID:8552	10	DOID
Chronic Myeloid Leukemia	MONDO:0011996	8	MONDO
Chronic Myeloid Leukemia	NCIT:C3174	8	NCIT
Chronic Myeloid Leukemia	NCIT:C91465	8	NCIT
Chronic Myelomonocytic Leukemia	DOID:0080188	10	DOID
Chronic Myelomonocytic Leukemia	MONDO:0020311	10	MONDO
Chronic Myelomonocytic Leukemia	NCIT:C3178	10	NCIT
Chronic Myeloproliferative Disease	DOID:2226	8	DOID
Chronic Myeloproliferative Disease	MONDO:0020076	8	MONDO
Chronic Myeloproliferative Disease	NCIT:C4345	8	NCIT
Chronic Neutrophilic Leukemia	DOID:0080187	10	DOID
Chronic Neutrophilic Leukemia	MONDO:0019451	10	MONDO
Chronic Neutrophilic Leukemia	NCIT:C3179	10	NCIT
Chronic leukemia	DOID:1036	10	DOID
Chronic leukemia	MONDO:0001014	10	MONDO
Chronic leukemia	NCIT:C3483	10	NCIT
Chronic lymphocytic leukemia	DOID:1040	10	DOID
Chronic lymphocytic leukemia	MONDO:0004948	8	MONDO
Chronic lymphocytic leukemia	NCIT:C3163	10	NCIT
Chronic myeloid leukemia	DOID:8552	10	DOID
Chronic myeloid leukemia	MONDO:0011996	8	MONDO
Chronic myeloid leukemia	NCIT:C3174	8	NCIT
Chronic myeloid leukemia	NCIT:C91465	8	NCIT
Chronic myeloid leukemia	DOID:8552	10	DOID
Chronic myeloid leukemia	MONDO:0011996	8	MONDO
Chronic myeloid leukemia	NCIT:C3174	8	NCIT
Chronic myeloid leukemia	NCIT:C91465	8	NCIT
Chronic myeloid leukemia;Acute lymphoblastic leukemia	no_match	n/a	none
Chuvash Polycythemia	DOID:0060474	8	DOID
Chuvash Polycythemia	MONDO:0009892	10	MONDO
Classical Hodgkin Lymphoma	MONDO:0009348	8	MONDO
Classical Hodgkin Lymphoma	NCIT:C69138	8	NCIT
Classical Hodgkin Lymphoma	NCIT:C7164	8	NCIT
Clear Cell Carcinoma	MONDO:0005004	8	MONDO
Clear Cell Carcinoma	NCIT:C3766	8	NCIT
Clear Cell Renal Cell Carcinoma	DOID:4467	10	DOID
Clear Cell Renal Cell Carcinoma	MONDO:0005005	8	MONDO
Clear Cell Renal Cell Carcinoma	MONDO:0007763	8	MONDO
Clear Cell Renal Cell Carcinoma	NCIT:C4033	10	NCIT
Clear Cell Sarcoma	DOID:4233	10	DOID
Clear Cell Sarcoma	MONDO:0002926	10	MONDO
Colon Adenocarcinoma	DOID:234	10	DOID
Colon Adenocarcinoma	MONDO:0002271	10	MONDO
Colon Adenocarcinoma	NCIT:C4349	10	NCIT
Colon Cancer	DOID:219	10	DOID
Colon Cancer	MONDO:0002032	8	MONDO
Colon Cancer	MONDO:0021063	8	MONDO
Colon Cancer	NCIT:C4910	8	NCIT
Colon Carcinoma	DOID:1520	10	DOID
Colon Carcinoma	MONDO:0002032	10	MONDO
Colon Carcinoma	NCIT:C4910	10	NCIT
Colon Mucinous Adenocarcinoma	DOID:3029	10	DOID
Colon Mucinous Adenocarcinoma	MONDO:0005007	10	MONDO
Colon Mucinous Adenocarcinoma	NCIT:C7966	10	NCIT
Colonic lesion	no_match	n/a	none
Colorectal Adenocarcinoma	DOID:0050861	10	DOID
Colorectal Adenocarcinoma	MONDO:0005008	10	MONDO
Colorectal Adenocarcinoma	NCIT:C5105	10	NCIT
Colorectal Cancer	DOID:9256	10	DOID
Colorectal Cancer	MONDO:0005575	10	MONDO
Colorectal Cancer	NCIT:C2955	8	NCIT
Colorectal Cancer	NCIT:C91466	8	NCIT
Colorectal adenocarcinoma	DOID:0050861	10	DOID
Colorectal adenocarcinoma	MONDO:0005008	10	MONDO
Colorectal adenocarcinoma	NCIT:C5105	10	NCIT
Colorectal adenocarcinoma;Inflammatory myofibroblastic	no_match	n/a	none
Congenital Fibrosarcoma	DOID:8418	10	DOID
Congenital Fibrosarcoma	MONDO:0004557	10	MONDO
Congenital Fibrosarcoma	NCIT:C4244	8	NCIT
Craniopharyngioma	DOID:3840	10	DOID
Craniopharyngioma	MONDO:0018907	10	MONDO
Craniopharyngioma	NCIT:C2964	10	NCIT
Cutaneous melanoma	DOID:8923	8	DOID
Cutaneous melanoma	MONDO:0005012	10	MONDO
Cutaneous melanoma	NCIT:C3510	10	NCIT
Cutaneous melanoma;Lung adenocarcinoma;Prostate adenocarcinoma	no_match	n/a	none
Cutaneous melanoma;Renal;Any cancer type	no_match	n/a	none
Cytopenia	NCIT:C2979	10	NCIT
Dedifferentiated Liposarcoma	MONDO:0020563	10	MONDO
Dedifferentiated Liposarcoma	NCIT:C3704	10	NCIT
Dermatofibrosarcoma Protuberans	DOID:3507	10	DOID
Dermatofibrosarcoma Protuberans	MONDO:0011934	10	MONDO
Dermatofibrosarcoma Protuberans	NCIT:C4683	10	NCIT
Dermatofibrosarcoma	MONDO:0011934	8	MONDO
Dermatofibrosarcoma	NCIT:C4683	8	NCIT
Desmoid Fibromatosis	MONDO:0007608	8	MONDO
Desmoid Fibromatosis	NCIT:C9182	8	NCIT
Desmoplastic Small Round Cell Tumor	MONDO:0019373	10	MONDO
Diffuse Intrinsic Pontine Glioma	MONDO:0006033	10	MONDO
Diffuse Large B Cell Lymphoma	no_match	n/a	none
Diffuse Large B-cell Lymphoma	DOID:0050745	10	DOID
Diffuse Large B-cell Lymphoma	MONDO:0018905	10	MONDO
Diffuse Large B-cell Lymphoma	NCIT:C8851	10	NCIT
Diffuse Midline Glioma	no_match	n/a	none
Disease	DOID:4	10	DOID
Disease	MONDO:0000001	8	MONDO
Disease	NCIT:C2991	8	NCIT
Disorder by body site	MONDO:0024505	4	MONDO
Disorder of abdomen	no_match	n/a	none
Disorder of abdominal segment of trunk	MONDO:0044965	8	MONDO
Disorder of body system	no_match	n/a	none
Disorder of breast	DOID:3463	9	DOID
Disorder of breast	MONDO:0002657	9	MONDO
Disorder of breast	NCIT:C26709	10	NCIT
Disorder of colon	DOID:5353	8	DOID
Disorder of colon	MONDO:0003409	8	MONDO
Disorder of digestive organ	no_match	n/a	none
Disorder of digestive system	DOID:77	8	DOID
Disorder of digestive system	MONDO:0004335	9	MONDO
Disorder of digestive system	NCIT:C2990	10	NCIT
Disorder of digestive tract	no_match	n/a	none
Disorder of endocrine system	DOID:28	9	DOID
Disorder of endocrine system	MONDO:0005151	9	MONDO
Disorder of endocrine system	NCIT:C3009	10	NCIT
Disorder of female genital organs	no_match	n/a	none
Disorder of female genital tract	MONDO:0002263	4	MONDO
Disorder of gastrointestinal tract	no_match	n/a	none
Disorder of hematopoietic cell proliferation	no_match	n/a	none
Disorder of hematopoietic structure	no_match	n/a	none
Disorder of integument	MONDO:0002051	4	MONDO
Disorder of intestine	MONDO:0005020	8	MONDO
Disorder of large intestine	MONDO:0024634	9	MONDO
Disorder of lower gastrointestinal tract	no_match	n/a	none
Disorder of lower respiratory system	MONDO:0000270	8	MONDO
Disorder of lung	DOID:850	9	DOID
Disorder of lung	MONDO:0005275	9	MONDO
Disorder of lung	NCIT:C3198	10	NCIT
Disorder of male genital organ	no_match	n/a	none
Disorder of male reproductive system	DOID:48	9	DOID
Disorder of male reproductive system	MONDO:0003150	9	MONDO
Disorder of male reproductive system	NCIT:C27019	10	NCIT
Disorder of neck	NCIT:C27648	10	NCIT
Disorder of ovary	MONDO:0005558	8	MONDO
Disorder of pelvic region of trunk	no_match	n/a	none
Disorder of pelvis	no_match	n/a	none
Disorder of prostate	DOID:47	9	DOID
Disorder of prostate	MONDO:0003105	9	MONDO
Disorder of prostate	NCIT:C26865	10	NCIT
Disorder of reproductive system	DOID:15	9	DOID
Disorder of reproductive system	MONDO:0005039	9	MONDO
Disorder of reproductive system	NCIT:C4875	10	NCIT
Disorder of respiratory system	DOID:1579	9	DOID
Disorder of respiratory system	MONDO:0005087	9	MONDO
Disorder of respiratory system	NCIT:C26871	10	NCIT
Disorder of skin AND/OR subcutaneous tissue	no_match	n/a	none
Disorder of skin	DOID:37	9	DOID
Disorder of skin	MONDO:0005093	9	MONDO
Disorder of skin	NCIT:C3371	10	NCIT
Disorder of soft tissue	NCIT:C27042	10	NCIT
Disorder of the genitourinary system	MONDO:0021145	8	MONDO
Disorder of thoracic segment of trunk	MONDO:0000651	8	MONDO
Disorder of thorax	MONDO:0000651	8	MONDO
Disorder of thyroid gland	DOID:50	9	DOID
Disorder of thyroid gland	MONDO:0003240	9	MONDO
Disorder of thyroid gland	NCIT:C26893	10	NCIT
Disorder of trunk	no_match	n/a	none
Ductal Carcinoma	MONDO:0005590	8	MONDO
Ductal Carcinoma	NCIT:C4017	8	NCIT
Embryonal Tumor	DOID:688	7	DOID
Embryonal Tumor	MONDO:0005564	9	MONDO
Embryonal Tumor	NCIT:C3264	9	NCIT
Endometrial Adenocarcinoma	DOID:2870	10	DOID
Endometrial Adenocarcinoma	MONDO:0005461	8	MONDO
Endometrial Adenocarcinoma	NCIT:C7359	10	NCIT
Endometrial Cancer	DOID:1380	10	DOID
Endometrial Cancer	MONDO:0011962	10	MONDO
Endometrial Cancer	NCIT:C7558	8	NCIT
Endometrial Cancer	NCIT:C91528	8	NCIT
Endometrial Carcinoma	DOID:2871	10	DOID
Endometrial Carcinoma	MONDO:0002447	10	MONDO
Endometrial Carcinoma	NCIT:C7558	10	NCIT
Endometrial Hyperplasia	DOID:0080365	10	DOID
Endometrial Hyperplasia	MONDO:0041161	10	MONDO
Endometrial Hyperplasia	NCIT:C3013	10	NCIT
Endometrium	MONDO:0021251	10	MONDO
Endometrium	NCIT:C3012	8	NCIT
Ependymoma	MONDO:0016698	10	MONDO
Ependymoma	NCIT:C3017	10	NCIT
Ependymoma	MONDO:0016698	10	MONDO
Ependymoma	NCIT:C3017	10	NCIT
Epithelial Ovarian Cancer	MONDO:0005140	8	MONDO
Epithelial Ovarian Cancer	NCIT:C4908	8	NCIT
Epithelial tumor of ovary	MONDO:0002229	8	MONDO
Epithelial tumor of ovary	NCIT:C4381	8	NCIT
Epithelioid Hemangioendothelioma	MONDO:0015523	10	MONDO
Epithelioid Hemangioendothelioma	NCIT:C3800	10	NCIT
Epithelioid and spindle cell nevus	no_match	n/a	none
Erdheim-Chester Disease	DOID:4329	10	DOID
Erdheim-Chester Disease	MONDO:0018153	10	MONDO
Erdheim-Chester Disease	NCIT:C53972	10	NCIT
Esophageal Cancer	DOID:5041	10	DOID
Esophageal Cancer	MONDO:0007576	10	MONDO
Esophageal Cancer	NCIT:C118812	8	NCIT
Esophageal Cancer	NCIT:C3513	8	NCIT
Esophageal Carcinoma	DOID:1107	10	DOID
Esophageal Carcinoma	MONDO:0019086	8	MONDO
Esophageal Carcinoma	NCIT:C3513	10	NCIT
Esophagogastric Cancer	no_match	n/a	none
Esophagus Adenocarcinoma	DOID:4914	10	DOID
Esophagus Adenocarcinoma	MONDO:0005028	8	MONDO
Esophagus Adenocarcinoma	NCIT:C4025	8	NCIT
Esophagus Squamous Cell Carcinoma	DOID:3748	10	DOID
Esophagus Squamous Cell Carcinoma	MONDO:0005580	8	MONDO
Esophagus Squamous Cell Carcinoma	NCIT:C4024	8	NCIT
Essential Thrombocythemia	DOID:2224	10	DOID
Essential Thrombocythemia	MONDO:0005029	10	MONDO
Essential Thrombocythemia	NCIT:C3407	10	NCIT
Estrogen-receptor Negative Breast Cancer	DOID:0060076	10	DOID
Estrogen-receptor Negative Breast Cancer	MONDO:0006513	10	MONDO
Estrogen-receptor Positive Breast Cancer	DOID:0060075	10	DOID
Estrogen-receptor Positive Breast Cancer	MONDO:0006512	10	MONDO
Ewing Sarcoma	DOID:3369	10	DOID
Ewing Sarcoma	MONDO:0012817	10	MONDO
Ewing Sarcoma	NCIT:C4817	10	NCIT
Ewing sarcoma	DOID:3369	10	DOID
Ewing sarcoma	MONDO:0012817	10	MONDO
Ewing sarcoma	NCIT:C4817	10	NCIT
Female Reproductive Organ Cancer	DOID:120	10	DOID
Female Reproductive Organ Cancer	MONDO:0001416	10	MONDO
Female germ cell tumor;Male germ cell tumor	no_match	n/a	none
Female reproductive system disorder	DOID:229	9	DOID
Female reproductive system disorder	MONDO:0002263	9	MONDO
Female reproductive system disorder	NCIT:C27020	10	NCIT
Fibromatosis	MONDO:0005031	10	MONDO
Fibromatosis	NCIT:C3042	10	NCIT
Fibrous histiocytoma	DOID:4415	10	DOID
Fibrous histiocytoma	MONDO:0002989	8	MONDO
Fibrous histiocytoma	NCIT:C3739	8	NCIT
Follicular Carcinoma	DOID:3962	8	DOID
Follicular Carcinoma	MONDO:0005034	8	MONDO
Follicular Carcinoma	NCIT:C8054	8	NCIT
Follicular Lymphoma	DOID:0050873	10	DOID
Follicular Lymphoma	MONDO:0018906	10	MONDO
Follicular Lymphoma	NCIT:C3209	10	NCIT
Follicular Thyroid Carcinoma	DOID:3962	10	DOID
Follicular Thyroid Carcinoma	MONDO:0005034	8	MONDO
Follicular Thyroid Carcinoma	NCIT:C8054	8	NCIT
Ganglioglioma	DOID:5078	10	DOID
Ganglioglioma	MONDO:0016733	10	MONDO
Ganglioglioma	NCIT:C3788	10	NCIT
Gastric Adenocarcinoma	DOID:3717	10	DOID
Gastric Adenocarcinoma	MONDO:0005036	10	MONDO
Gastric Adenocarcinoma	NCIT:C4004	10	NCIT
Gastric Adenosquamous Carcinoma	DOID:5635	10	DOID
Gastric Adenosquamous Carcinoma	MONDO:0006034	10	MONDO
Gastric Adenosquamous Carcinoma	NCIT:C5474	10	NCIT
Gastrointestinal Neuroendocrine Tumor	DOID:0050626	10	DOID
Gastrointestinal Neuroendocrine Tumor	MONDO:0000386	8	MONDO
Gastrointestinal Neuroendocrine Tumor	NCIT:C95404	8	NCIT
Gastrointestinal Stromal Tumor	DOID:9253	10	DOID
Gastrointestinal Stromal Tumor	MONDO:0011719	10	MONDO
Gastrointestinal Stromal Tumor	NCIT:C3868	10	NCIT
Gastrointestinal stromal tumor	DOID:9253	10	DOID
Gastrointestinal stromal tumor	MONDO:0011719	10	MONDO
Gastrointestinal stromal tumor	NCIT:C3868	10	NCIT
Gastrointestinal stromal	MONDO:0011719	8	MONDO
Gastrointestinal stromal	NCIT:C3868	8	NCIT
Gastrointestinal stromal;Myelodisplasic syndrome;Myelodisplasic proliferative syndrome;Hyper eosinophilic advanced snydrome;Eosinophilic chronic leukemia;Chronic myeloid leukemia;Acute lymphoblastic leukemia;Systemic mastocytosis	no_match	n/a	none
Germ Cell Tumor	DOID:2994	3	DOID
Germ Cell Tumor	MONDO:0005040	10	MONDO
Germ Cell Tumor	NCIT:C3708	10	NCIT
Giant Cell Tumor	DOID:200	10	DOID
Giant Cell Tumor	MONDO:0002171	10	MONDO
Giant Cell Tumor	NCIT:C3055	10	NCIT
Giant cell astrocytoma	no_match	n/a	none
Glandular Pattern Ovarian Yolk Sac Tumor	DOID:6511	10	DOID
Glandular Pattern Ovarian Yolk Sac Tumor	MONDO:0003905	4	MONDO
Glioblastoma Multiforme	DOID:3068	10	DOID
Glioblastoma Multiforme	MONDO:0018177	8	MONDO
Glioblastoma Multiforme	NCIT:C3058	8	NCIT
Glioblastoma multiforme	DOID:3068	10	DOID
Glioblastoma multiforme	MONDO:0018177	8	MONDO
Glioblastoma multiforme	NCIT:C3058	8	NCIT
Glioblastoma	MONDO:0018177	10	MONDO
Glioblastoma	NCIT:C3058	10	NCIT
Glioma	MONDO:0021042	10	MONDO
Glioma	NCIT:C3059	10	NCIT
Glioma;Any cancer type	no_match	n/a	none
Glioma;Endometrium	no_match	n/a	none
Glioma;Leukemia	no_match	n/a	none
Glioma;Malignant peripheral nerve sheat tumor;Leukemia	no_match	n/a	none
Glioma;Thyroid carcinoma	no_match	n/a	none
Glomus Tumor	DOID:2431	10	DOID
Glomus Tumor	MONDO:0018327	10	MONDO
Glomus Tumor	NCIT:C3060	10	NCIT
Granular Cell Tumor	DOID:2411	10	DOID
Granular Cell Tumor	MONDO:0006235	10	MONDO
Granular Cell Tumor	NCIT:C3474	10	NCIT
Hairy Cell Leukemia	DOID:285	10	DOID
Hairy Cell Leukemia	MONDO:0018935	10	MONDO
Hairy Cell Leukemia	NCIT:C7402	10	NCIT
Head And Neck Cancer	DOID:11934	10	DOID
Head And Neck Cancer	MONDO:0005627	10	MONDO
Head And Neck Cancer	NCIT:C35850	8	NCIT
Head And Neck Cancer	NCIT:C4013	8	NCIT
Head And Neck Carcinoma	DOID:1542	10	DOID
Head And Neck Carcinoma	MONDO:0002038	10	MONDO
Head And Neck Carcinoma	NCIT:C35850	10	NCIT
Head And Neck Squamous Cell Carcinoma	DOID:5520	10	DOID
Head And Neck Squamous Cell Carcinoma	MONDO:0010150	10	MONDO
Head And Neck Squamous Cell Carcinoma	NCIT:C34447	10	NCIT
Head an neck squamous	no_match	n/a	none
Head an neck	no_match	n/a	none
Head an neck;Salivary glands	no_match	n/a	none
Head and Neck Squamous Cell Carcinoma	DOID:5520	10	DOID
Head and Neck Squamous Cell Carcinoma	MONDO:0010150	10	MONDO
Head and Neck Squamous Cell Carcinoma	NCIT:C34447	10	NCIT
Hemangioendothelioma	MONDO:0021121	10	MONDO
Hemangioendothelioma	NCIT:C3084	10	NCIT
Hematologic Cancer	DOID:2531	10	DOID
Hematologic Cancer	MONDO:0044881	8	MONDO
Hematologic Cancer	NCIT:C27134	8	NCIT
Hematologic malignancies	DOID:2531	8	DOID
Hematologic malignancies	MONDO:0044881	8	MONDO
Hematologic malignancies	NCIT:C27134	8	NCIT
Hematologic neoplasm	DOID:2531	8	DOID
Hematologic neoplasm	MONDO:0002334	8	MONDO
Hematologic neoplasm	MONDO:0044881	8	MONDO
Hematologic neoplasm	NCIT:C27134	8	NCIT
Hepatic carcinoma	no_match	n/a	none
Hepatocellular Carcinoma	DOID:684	10	DOID
Hepatocellular Carcinoma	MONDO:0007256	10	MONDO
Hepatocellular Carcinoma	NCIT:C3099	10	NCIT
Hepatocellular Fibrolamellar Carcinoma	MONDO:0006210	8	MONDO
Hepatocellular Fibrolamellar Carcinoma	NCIT:C4131	8	NCIT
Hepatocellular Mixed Fibrolamellar Carcinoma	no_match	n/a	none
Her2-receptor Negative Breast Cancer	DOID:0060080	10	DOID
Her2-receptor Negative Breast Cancer	MONDO:0000618	10	MONDO
Her2-receptor Positive Breast Cancer	DOID:0060079	10	DOID
Her2-receptor Positive Breast Cancer	MONDO:0006244	8	MONDO
Her2-receptor negative breast cancer	DOID:0060080	10	DOID
Her2-receptor negative breast cancer	MONDO:0000618	10	MONDO
Her2-receptor positive breast cancer	DOID:0060079	10	DOID
Her2-receptor positive breast cancer	MONDO:0006244	8	MONDO
Histiocytic and Dendritic Cell Neoplasms	MONDO:0006247	10	MONDO
Histiocytic and Dendritic Cell Neoplasms	NCIT:C9294	10	NCIT
Histiocytoma	DOID:4231	10	DOID
Histiocytoma	MONDO:0005509	10	MONDO
Histiocytoma	NCIT:C35765	10	NCIT
Histiocytosis	DOID:3405	10	DOID
Histiocytosis	MONDO:0002637	10	MONDO
Histiocytosis	NCIT:C3106	10	NCIT
Hodgkin's lymphoma	DOID:8567	10	DOID
Hodgkin's lymphoma	MONDO:0004952	8	MONDO
Hodgkin's lymphoma	NCIT:C9357	10	NCIT
Hormone refractory prostate cancer	no_match	n/a	none
Hyper eosinophilic advanced snydrome	no_match	n/a	none
Hyper eosinophilic advanced snydrome;Eosinophilic chronic leukemia	no_match	n/a	none
Indication other than cancer	no_match	n/a	none
Infiltrating Glioma	no_match	n/a	none
Inflammatory Breast Carcinoma	DOID:6263	10	DOID
Inflammatory Breast Carcinoma	MONDO:0006804	10	MONDO
Inflammatory Breast Carcinoma	NCIT:C4001	10	NCIT
Inflammatory Myofibroblastic Tumor	DOID:0050905	10	DOID
Inflammatory Myofibroblastic Tumor	MONDO:0015798	10	MONDO
Inflammatory Myofibroblastic Tumor	NCIT:C6481	10	NCIT
Inflammatory myofibroblastic	MONDO:0015798	8	MONDO
Inflammatory myofibroblastic	NCIT:C6481	8	NCIT
Inflammatory myofibroblastic;Thyroid carcinoma	no_match	n/a	none
Intraductal Papillary Mucinous Neoplasm (IPMN)	no_match	n/a	none
Intrahepatic Cholangiocarcinoma	DOID:4928	10	DOID
Intrahepatic Cholangiocarcinoma	MONDO:0003210	10	MONDO
Intrahepatic Cholangiocarcinoma	NCIT:C35417	10	NCIT
Invasive Bladder Transitional Cell Carcinoma	DOID:6477	10	DOID
Invasive Bladder Transitional Cell Carcinoma	MONDO:0003890	8	MONDO
Invasive Bladder Transitional Cell Carcinoma	NCIT:C27885	8	NCIT
Invasive Ductal Carcinoma	DOID:3008	10	DOID
Invasive Ductal Carcinoma	MONDO:0004953	8	MONDO
Invasive Ductal Carcinoma	NCIT:C4194	8	NCIT
Kaposi Sarcoma	DOID:8632	8	DOID
Kaposi Sarcoma	MONDO:0005055	8	MONDO
Kaposi Sarcoma	NCIT:C9087	10	NCIT
Langerhans Cell Histiocytosis	MONDO:0018310	10	MONDO
Langerhans Cell Histiocytosis	NCIT:C3107	10	NCIT
Langerhans-Cell Histiocytosis	DOID:2571	10	DOID
Langerhans-Cell Histiocytosis	MONDO:0018310	10	MONDO
Langerhans-Cell Histiocytosis	NCIT:C3107	10	NCIT
Laryngeal Carcinoma	DOID:2600	10	DOID
Laryngeal Carcinoma	MONDO:0002358	10	MONDO
Laryngeal Carcinoma	NCIT:C4855	10	NCIT
Leiomyoma	DOID:127	10	DOID
Leiomyoma	MONDO:0001572	10	MONDO
Leiomyoma	NCIT:C3157	10	NCIT
Leiomyosarcoma	DOID:1967	10	DOID
Leiomyosarcoma	MONDO:0005058	10	MONDO
Leiomyosarcoma	NCIT:C3158	10	NCIT
Leukemia	DOID:1240	10	DOID
Leukemia	MONDO:0005059	10	MONDO
Leukemia	NCIT:C3161	10	NCIT
Leukemia	DOID:1240	10	DOID
Leukemia	MONDO:0005059	10	MONDO
Leukemia	NCIT:C3161	10	NCIT
Leukocytosis	NCIT:C35524	10	NCIT
Leukopenia	DOID:615	10	DOID
Leukopenia	MONDO:0003785	10	MONDO
Leukopenia	NCIT:C26816	10	NCIT
Lipoma	DOID:3315	10	DOID
Lipoma	MONDO:0005106	10	MONDO
Lipoma	NCIT:C3192	10	NCIT
Liposarcoma	DOID:3382	10	DOID
Liposarcoma	MONDO:0005060	10	MONDO
Liposarcoma	NCIT:C3194	10	NCIT
Liposarcoma;Lymphoma;Any cancer type	no_match	n/a	none
Lobular Carcinoma	DOID:3457	8	DOID
Lobular Carcinoma	MONDO:0000552	8	MONDO
Lobular Carcinoma	MONDO:0005051	8	MONDO
Lobular Carcinoma	NCIT:C3771	8	NCIT
Low-Grade Serous Ovarian Cancer	no_match	n/a	none
Lung Acinar Adenocarcinoma	DOID:6482	10	DOID
Lung Acinar Adenocarcinoma	MONDO:0003892	4	MONDO
Lung Acinar Adenocarcinoma	NCIT:C5649	10	NCIT
Lung Adenocarcinoma	DOID:3910	10	DOID
Lung Adenocarcinoma	MONDO:0005061	10	MONDO
Lung Adenocarcinoma	NCIT:C3512	10	NCIT
Lung Cancer	DOID:1324	10	DOID
Lung Cancer	MONDO:0008903	10	MONDO
Lung Cancer	NCIT:C4878	8	NCIT
Lung Carcinoma	DOID:3905	10	DOID
Lung Carcinoma	MONDO:0005138	10	MONDO
Lung Carcinoma	NCIT:C4878	10	NCIT
Lung Large Cell Carcinoma	DOID:4556	10	DOID
Lung Large Cell Carcinoma	MONDO:0003050	10	MONDO
Lung Large Cell Carcinoma	NCIT:C4450	10	NCIT
Lung Small Cell Carcinoma	DOID:5409	10	DOID
Lung Small Cell Carcinoma	MONDO:0008433	8	MONDO
Lung Small Cell Carcinoma	NCIT:C4917	10	NCIT
Lung Squamous Cell Carcinoma	DOID:3907	10	DOID
Lung Squamous Cell Carcinoma	MONDO:0005097	8	MONDO
Lung Squamous Cell Carcinoma	NCIT:C3493	10	NCIT
Lung adenocarcinoma	DOID:3910	10	DOID
Lung adenocarcinoma	MONDO:0005061	10	MONDO
Lung adenocarcinoma	NCIT:C3512	10	NCIT
Lung adenocarcinoma;Cutaneous melanoma;Prostate adenocarcinoma	no_match	n/a	none
Lung adenocarcinoma;Hairy-Cell leukemia;Myeloma	no_match	n/a	none
Lung adenocarcinoma;Stomach	no_match	n/a	none
Lung adenocarcinoma;Thyroid	no_match	n/a	none
Lung squamous cell	no_match	n/a	none
Lung	DOID:1324	10	DOID
Lung	MONDO:0008903	10	MONDO
Lung	MONDO:0021117	10	MONDO
Lung	NCIT:C3200	10	NCIT
Lung;Billiary tract	no_match	n/a	none
Lung;Colorectal adenocarcinoma	no_match	n/a	none
Lymphadenopathy	MONDO:0005833	1	MONDO
Lymphadenopathy	NCIT:C50764	10	NCIT
Lymphangioleiomyomatosis	DOID:3319	10	DOID
Lymphangioleiomyomatosis	MONDO:0011705	10	MONDO
Lymphocytosis	no_match	n/a	none
Lymphoid Leukemia	MONDO:0005402	10	MONDO
Lymphoid Leukemia	NCIT:C7539	10	NCIT
Lymphoma	DOID:0060058	10	DOID
Lymphoma	MONDO:0005062	10	MONDO
Lymphoma	NCIT:C3208	10	NCIT
Lymphoma;Glioblastoma	no_match	n/a	none
Lymphoplasmacytic Lymphoma	DOID:0050747	10	DOID
Lymphoplasmacytic Lymphoma	MONDO:0000432	10	MONDO
Lymphoplasmacytic Lymphoma	NCIT:C3212	10	NCIT
Lynch Syndrome	DOID:3883	10	DOID
Lynch Syndrome	MONDO:0005835	10	MONDO
Lynch Syndrome	NCIT:C8494	10	NCIT
MDS with Ring Sideroblasts	no_match	n/a	none
Male germ cell tumor	MONDO:0010108	4	MONDO
Malignant Anus Melanoma	DOID:14145	10	DOID
Malignant Anus Melanoma	MONDO:0006081	8	MONDO
Malignant Conjunctival Melanoma	DOID:1751	10	DOID
Malignant Conjunctival Melanoma	MONDO:0002096	10	MONDO
Malignant Conjunctival Melanoma	NCIT:C4550	8	NCIT
Malignant Glioma	DOID:3070	10	DOID
Malignant Glioma	MONDO:0015917	10	MONDO
Malignant Glioma	NCIT:C4822	10	NCIT
Malignant Mesothelioma	DOID:1790	10	DOID
Malignant Mesothelioma	MONDO:0006292	10	MONDO
Malignant Mesothelioma	NCIT:C4456	10	NCIT
Malignant Mullerian Mixed Tumor	no_match	n/a	none
Malignant Peripheral Nerve Sheath Tumor	DOID:5940	10	DOID
Malignant Peripheral Nerve Sheath Tumor	MONDO:0017827	10	MONDO
Malignant Peripheral Nerve Sheath Tumor	NCIT:C3798	10	NCIT
Malignant Pleural Mesothelioma	DOID:7474	10	DOID
Malignant Pleural Mesothelioma	MONDO:0005112	10	MONDO
Malignant Pleural Mesothelioma	NCIT:C7376	8	NCIT
Malignant Sertoli-Leydig Cell Tumor	DOID:0050618	10	DOID
Malignant Sertoli-Leydig Cell Tumor	MONDO:0000379	10	MONDO
Malignant adenomatous neoplasm	no_match	n/a	none
Malignant astrocytoma	MONDO:0016684	8	MONDO
Malignant astrocytoma	NCIT:C9477	8	NCIT
Malignant epithelial neoplasm of lung	no_match	n/a	none
Malignant epithelial neoplasm of thyroid	no_match	n/a	none
Malignant epithelial neoplasm	MONDO:0004993	8	MONDO
Malignant epithelial neoplasm	NCIT:C2916	8	NCIT
Malignant epithelial tumor of ovary	MONDO:0018364	10	MONDO
Malignant melanoma of skin	MONDO:0005012	8	MONDO
Malignant melanoma of skin	NCIT:C3510	8	NCIT
Malignant melanoma	DOID:1909	8	DOID
Malignant melanoma	MONDO:0005105	8	MONDO
Malignant melanoma	NCIT:C3224	8	NCIT
Malignant neoplasm of abdomen	no_match	n/a	none
Malignant neoplasm of breast	DOID:1612	8	DOID
Malignant neoplasm of breast	MONDO:0007254	8	MONDO
Malignant neoplasm of breast	NCIT:C9335	8	NCIT
Malignant neoplasm of colon	MONDO:0021063	8	MONDO
Malignant neoplasm of colon	NCIT:C9242	8	NCIT
Malignant neoplasm of digestive system	MONDO:0002516	8	MONDO
Malignant neoplasm of endocrine gland	DOID:170	8	DOID
Malignant neoplasm of endocrine gland	MONDO:0021069	8	MONDO
Malignant neoplasm of endocrine gland	NCIT:C3575	8	NCIT
Malignant neoplasm of gastrointestinal tract	no_match	n/a	none
Malignant neoplasm of genital structure	no_match	n/a	none
Malignant neoplasm of genitourinary organ	no_match	n/a	none
Malignant neoplasm of intraabdominal organ	no_match	n/a	none
Malignant neoplasm of lower respiratory tract	no_match	n/a	none
Malignant neoplasm of respiratory system	MONDO:0000376	8	MONDO
Malignant neoplasm of skin	DOID:4159	8	DOID
Malignant neoplasm of skin	MONDO:0002898	8	MONDO
Malignant neoplasm of skin	NCIT:C2920	8	NCIT
Malignant neoplasm of soft tissue	MONDO:0024637	8	MONDO
Malignant neoplasm of soft tissue	NCIT:C4867	8	NCIT
Malignant neoplasm of thorax	MONDO:0003274	8	MONDO
Malignant neoplasm of thorax	NCIT:C3576	8	NCIT
Malignant neoplasm of uterine adnexa	no_match	n/a	none
Malignant neoplastic disease	MONDO:0004992	8	MONDO
Malignant neoplastic disease	NCIT:C9305	8	NCIT
Malignant neuroendocrine tumor	no_match	n/a	none
Malignant peripheral nerve sheat tumor	no_match	n/a	none
Malignant rhabdoid tumor	MONDO:0002728	8	MONDO
Malignant tumor of digestive organ	no_match	n/a	none
Malignant tumor of female genital organ	DOID:120	7	DOID
Malignant tumor of female genital organ	MONDO:0001416	7	MONDO
Malignant tumor of intestine	DOID:10155	7	DOID
Malignant tumor of intestine	MONDO:0005814	8	MONDO
Malignant tumor of intestine	NCIT:C4572	8	NCIT
Malignant tumor of large intestine	MONDO:0005575	8	MONDO
Malignant tumor of large intestine	NCIT:C4978	8	NCIT
Malignant tumor of lung	MONDO:0008903	8	MONDO
Malignant tumor of lung	NCIT:C7377	8	NCIT
Malignant tumor of lymphoid	no_match	n/a	none
Malignant tumor of male genital organ	DOID:3856	8	DOID
Malignant tumor of male genital organ	MONDO:0005836	8	MONDO
Malignant tumor of ovary	MONDO:0008170	8	MONDO
Malignant tumor of ovary	NCIT:C7431	8	NCIT
Malignant tumor of pelvis	DOID:10240	7	DOID
Malignant tumor of prostate	MONDO:0008315	8	MONDO
Malignant tumor of prostate	NCIT:C7378	8	NCIT
Malignant tumor of thyroid gland	DOID:1781	7	DOID
Malignant tumor of thyroid gland	MONDO:0002108	8	MONDO
Malignant tumor of thyroid gland	NCIT:C7510	8	NCIT
Mantle Cell Lymphoma	DOID:0050746	10	DOID
Mantle Cell Lymphoma	MONDO:0018876	10	MONDO
Mantle Cell Lymphoma	NCIT:C4337	10	NCIT
Mantle cell lymphoma	DOID:0050746	10	DOID
Mantle cell lymphoma	MONDO:0018876	10	MONDO
Mantle cell lymphoma	NCIT:C4337	10	NCIT
Mantle cell lymphoma;Chronic lymphocytic leukemia	no_match	n/a	none
Marginal Zone B Cell Lymphoma	MONDO:0017604	8	MONDO
Mast Cell Neoplasm	DOID:3664	10	DOID
Mast Cell Neoplasm	MONDO:0002724	10	MONDO
Mast Cell Neoplasm	NCIT:C9295	10	NCIT
Mastocytosis	DOID:350	10	DOID
Mastocytosis	MONDO:0007950	10	MONDO
Mastocytosis	NCIT:C84269	10	NCIT
Medullary Carcinoma	DOID:3974	8	DOID
Medullary Carcinoma	MONDO:0015277	8	MONDO
Medullary Carcinoma	NCIT:C3879	8	NCIT
Medullary Thyroid Cancer	MONDO:0015277	8	MONDO
Medullary Thyroid Cancer	NCIT:C3879	8	NCIT
Medullary thyroid carcinoma	DOID:3973	8	DOID
Medullary thyroid carcinoma	MONDO:0015277	8	MONDO
Medullary thyroid carcinoma	NCIT:C3879	8	NCIT
Medulloblastoma	DOID:0050902	10	DOID
Medulloblastoma	MONDO:0007959	10	MONDO
Medulloblastoma	NCIT:C3222	10	NCIT
Megakaryoblastic leukemia	no_match	n/a	none
Melanocytic neoplasm	DOID:2415	8	DOID
Melanocytic neoplasm	MONDO:0021143	10	MONDO
Melanocytic neoplasm	NCIT:C7058	10	NCIT
Melanocytic nevus of skin	no_match	n/a	none
Melanocytic nevus	MONDO:0005073	10	MONDO
Melanocytic nevus	NCIT:C7570	10	NCIT
Melanocytic tumor of skin	DOID:2415	7	DOID
Melanocytic tumor of skin	MONDO:0021583	7	MONDO
Melanocytic tumor of skin	NCIT:C7161	7	NCIT
Melanoma	DOID:1909	10	DOID
Melanoma	MONDO:0005105	10	MONDO
Melanoma	NCIT:C3224	10	NCIT
Meningioma	DOID:3565	10	DOID
Meningioma	MONDO:0016642	10	MONDO
Meningioma	NCIT:C3230	10	NCIT
Merkel Cell Carcinoma	DOID:3965	10	DOID
Merkel Cell Carcinoma	MONDO:0019210	8	MONDO
Merkel Cell Carcinoma	NCIT:C9231	10	NCIT
Merkel cell carcinoma	DOID:3965	10	DOID
Merkel cell carcinoma	MONDO:0019210	8	MONDO
Merkel cell carcinoma	NCIT:C9231	10	NCIT
Mesenchymal Chondrosarcoma	DOID:4545	10	DOID
Mesenchymal Chondrosarcoma	MONDO:0006853	10	MONDO
Mesenchymal Chondrosarcoma	NCIT:C3737	10	NCIT
Mesothelioma	MONDO:0005065	10	MONDO
Mesothelioma	NCIT:C3234	10	NCIT
Mesothelioma;Ovary	no_match	n/a	none
Metastasis from malignant melanoma of skin	no_match	n/a	none
Monoclonal Gammopathy	MONDO:0004960	10	MONDO
Monoclonal Gammopathy	NCIT:C35548	10	NCIT
Monocytosis	NCIT:C35147	10	NCIT
Mucinous Adenocarcinoma	DOID:3030	10	DOID
Mucinous Adenocarcinoma	MONDO:0004957	10	MONDO
Mucinous Adenocarcinoma	NCIT:C26712	10	NCIT
Mucinous Tumors of Appendix	no_match	n/a	none
Mucinous Tumors of Ovary	DOID:6067	8	DOID
Mucinous Tumors of Ovary	MONDO:0003756	8	MONDO
Mucinous Tumors of Ovary	NCIT:C5242	8	NCIT
Mucinous or Serous Cystic Neoplasms of Pancreas	no_match	n/a	none
Mucoepidermoid Carcinoma	DOID:4531	10	DOID
Mucoepidermoid Carcinoma	MONDO:0003036	10	MONDO
Mucoepidermoid Carcinoma	NCIT:C3772	10	NCIT
Mucosal Melanoma	DOID:0050929	10	DOID
Mucosal Melanoma	MONDO:0000544	10	MONDO
Mucosal Melanoma	NCIT:C114828	10	NCIT
Multiple Myeloma	DOID:9538	10	DOID
Multiple Myeloma	MONDO:0009693	8	MONDO
Multiple Myeloma	NCIT:C3242	8	NCIT
Multiple myeloma	DOID:9538	10	DOID
Multiple myeloma	MONDO:0009693	8	MONDO
Multiple myeloma	NCIT:C3242	8	NCIT
Mycosis Fungoides	DOID:8691	10	DOID
Mycosis Fungoides	MONDO:0009691	10	MONDO
Mycosis Fungoides	NCIT:C3246	10	NCIT
Myelodisplasic proliferative syndrome	no_match	n/a	none
Myelodisplasic syndrome;Myelodisplasic proliferative syndrome	no_match	n/a	none
Myelodysplastic Syndrome	DOID:0050908	10	DOID
Myelodysplastic Syndrome	MONDO:0018881	10	MONDO
Myelodysplastic Syndrome	NCIT:C3247	10	NCIT
Myelodysplastic/Myeloproliferative Neoplasms	DOID:4972	10	DOID
Myelodysplastic/Myeloproliferative Neoplasms	MONDO:0006311	10	MONDO
Myelodysplastic/Myeloproliferative Neoplasms	NCIT:C27262	10	NCIT
Myelofibrosis	DOID:4971	10	DOID
Myelofibrosis	MONDO:0044903	10	MONDO
Myelofibrosis	NCIT:C3248	10	NCIT
Myeloid And Lymphoid Neoplasms With Eosinophilia And Abnormalities Of PDGFRA	no_match	n/a	none
Myeloid leukemia	DOID:8692	10	DOID
Myeloid leukemia	MONDO:0004643	10	MONDO
Myeloid leukemia	NCIT:C3172	10	NCIT
Myeloma	DOID:0070004	8	DOID
Myeloma	MONDO:0005170	8	MONDO
Myeloma	MONDO:0009693	8	MONDO
Myeloma	NCIT:C3242	8	NCIT
Myeloma;Neuroblastoma	no_match	n/a	none
Myeloproliferative Neoplasm	DOID:2226	10	DOID
Myeloproliferative Neoplasm	MONDO:0020076	10	MONDO
Myeloproliferative Neoplasm	NCIT:C4345	10	NCIT
Myxofibrosarcoma	MONDO:0019202	10	MONDO
Myxoid Liposarcoma	DOID:5363	10	DOID
Myxoid Liposarcoma	MONDO:0013280	10	MONDO
Myxoid Liposarcoma	NCIT:C27781	10	NCIT
NK Cell Lymphoproliferative Disorder	no_match	n/a	none
NLPHL	MONDO:0044778	8	MONDO
NLPHL	NCIT:C7258	8	NCIT
NUT Midline Carcinoma	DOID:0060463	10	DOID
NUT Midline Carcinoma	MONDO:0005563	10	MONDO
NUT Midline Carcinoma	NCIT:C45716	8	NCIT
NUT midline carcinoma	DOID:0060463	10	DOID
NUT midline carcinoma	MONDO:0005563	10	MONDO
NUT midline carcinoma	NCIT:C45716	8	NCIT
Nasopharyngeal Carcinoma	DOID:9261	8	DOID
Nasopharyngeal Carcinoma	MONDO:0015459	10	MONDO
Nasopharyngeal Carcinoma	NCIT:C3871	10	NCIT
Neoplasm affecting hematopoietic structure	no_match	n/a	none
Neoplasm and/or hamartoma	no_match	n/a	none
Neoplasm by body site	no_match	n/a	none
Neoplasm of abdomen	DOID:122	8	DOID
Neoplasm of bone marrow	DOID:4960	8	DOID
Neoplasm of bone marrow	MONDO:0005374	10	MONDO
Neoplasm of bone marrow	NCIT:C35370	10	NCIT
Neoplasm of breast	MONDO:0021100	10	MONDO
Neoplasm of breast	NCIT:C2910	10	NCIT
Neoplasm of colon	DOID:235	8	DOID
Neoplasm of colon	MONDO:0002278	8	MONDO
Neoplasm of colon	MONDO:0005401	8	MONDO
Neoplasm of colon	NCIT:C2953	10	NCIT
Neoplasm of digestive organ	no_match	n/a	none
Neoplasm of digestive system	MONDO:0021223	10	MONDO
Neoplasm of digestive system	NCIT:C3052	10	NCIT
Neoplasm of digestive tract	no_match	n/a	none
Neoplasm of endocrine gland	DOID:170	8	DOID
Neoplasm of endocrine gland	MONDO:0002082	10	MONDO
Neoplasm of endocrine system	DOID:170	8	DOID
Neoplasm of endocrine system	MONDO:0002082	8	MONDO
Neoplasm of endocrine system	MONDO:0021069	8	MONDO
Neoplasm of endocrine system	NCIT:C3010	8	NCIT
Neoplasm of female genital organ	no_match	n/a	none
Neoplasm of gastrointestinal tract	no_match	n/a	none
Neoplasm of hematopoietic cell type	no_match	n/a	none
Neoplasm of integumentary system	no_match	n/a	none
Neoplasm of intestinal tract	DOID:4610	8	DOID
Neoplasm of intestinal tract	MONDO:0021118	8	MONDO
Neoplasm of intra-abdominal organs	no_match	n/a	none
Neoplasm of intrathoracic organs	no_match	n/a	none
Neoplasm of large intestine	MONDO:0005335	8	MONDO
Neoplasm of large intestine	NCIT:C2956	8	NCIT
Neoplasm of lower respiratory tract	no_match	n/a	none
Neoplasm of lung	DOID:1324	4	DOID
Neoplasm of lung	MONDO:0021117	10	MONDO
Neoplasm of lung	NCIT:C3200	10	NCIT
Neoplasm of male genital organ	DOID:3856	8	DOID
Neoplasm of male genital organ	MONDO:0005836	1	MONDO
Neoplasm of ovary	DOID:2394	8	DOID
Neoplasm of ovary	MONDO:0021068	8	MONDO
Neoplasm of ovary	NCIT:C4984	8	NCIT
Neoplasm of pelvis	DOID:10237	8	DOID
Neoplasm of prostate	DOID:10283	8	DOID
Neoplasm of prostate	MONDO:0021259	10	MONDO
Neoplasm of prostate	NCIT:C3343	10	NCIT
Neoplasm of respiratory system	MONDO:0020641	8	MONDO
Neoplasm of respiratory tract	MONDO:0020641	10	MONDO
Neoplasm of respiratory tract	NCIT:C3355	10	NCIT
Neoplasm of skin	DOID:3165	8	DOID
Neoplasm of skin	MONDO:0002531	10	MONDO
Neoplasm of skin	NCIT:C3372	10	NCIT
Neoplasm of soft tissue	DOID:0060123	8	DOID
Neoplasm of soft tissue	MONDO:0006424	10	MONDO
Neoplasm of soft tissue	NCIT:C3377	10	NCIT
Neoplasm of thorax	DOID:5093	8	DOID
Neoplasm of thorax	MONDO:0021350	10	MONDO
Neoplasm of thorax	NCIT:C3406	8	NCIT
Neoplasm of thyroid gland	DOID:1781	8	DOID
Neoplasm of thyroid gland	MONDO:0002108	8	MONDO
Neoplasm of thyroid gland	MONDO:0015074	8	MONDO
Neoplasm of thyroid gland	NCIT:C3414	10	NCIT
Neoplasm of trunk	no_match	n/a	none
Neoplasm of uterine adnexa	no_match	n/a	none
Neoplastic disease	MONDO:0005070	8	MONDO
Neoplastic disease	NCIT:C3262	8	NCIT
Neuroblastoma	DOID:769	10	DOID
Neuroblastoma	MONDO:0005072	10	MONDO
Neuroblastoma	NCIT:C3270	10	NCIT
Neuroendocrine Carcinoma	DOID:1800	10	DOID
Neuroendocrine Carcinoma	MONDO:0002120	10	MONDO
Neuroendocrine Carcinoma	NCIT:C3773	10	NCIT
Neuroendocrine Neoplasm	DOID:169	8	DOID
Neuroendocrine Neoplasm	MONDO:0019496	10	MONDO
Neuroendocrine Neoplasm	NCIT:C3809	10	NCIT
Neuroendocrine Tumor	DOID:169	10	DOID
Neuroendocrine Tumor	MONDO:0019496	9	MONDO
Neuroendocrine Tumor	NCIT:C3809	9	NCIT
Neuroendocrine tumor	DOID:169	10	DOID
Neuroendocrine tumor	MONDO:0019496	9	MONDO
Neuroendocrine tumor	NCIT:C3809	9	NCIT
Neuroendocrine	DOID:169	8	DOID
Neuroendocrine	MONDO:0019496	10	MONDO
Neuroendocrine	NCIT:C3809	10	NCIT
Neuroepithelial Neoplasm	MONDO:0021193	10	MONDO
Neuroepithelial Neoplasm	NCIT:C3787	10	NCIT
Neuroepithelial neoplasm	MONDO:0021193	10	MONDO
Neuroepithelial neoplasm	NCIT:C3787	10	NCIT
Neurofibroma	DOID:962	10	DOID
Neurofibroma	MONDO:0016755	10	MONDO
Neurofibroma	NCIT:C3272	10	NCIT
Non-Small Cell Lung Cancer	DOID:3908	8	DOID
Non-Small Cell Lung Cancer	MONDO:0005233	8	MONDO
Non-Small Cell Lung Cancer	NCIT:C2926	8	NCIT
Non-Small Cell Lung Cancer	NCIT:C91445	8	NCIT
Non-Small Cell Lung Carcinoma	DOID:3908	8	DOID
Non-Small Cell Lung Carcinoma	MONDO:0005233	10	MONDO
Non-Small Cell Lung Carcinoma	NCIT:C2926	8	NCIT
Non-small Cell Lung Carcinoma	DOID:3908	8	DOID
Non-small Cell Lung Carcinoma	MONDO:0005233	10	MONDO
Non-small Cell Lung Carcinoma	NCIT:C2926	8	NCIT
Non-small cell lung cancer	DOID:3908	8	DOID
Non-small cell lung cancer	MONDO:0005233	8	MONDO
Non-small cell lung cancer	NCIT:C2926	8	NCIT
Non-small cell lung cancer	NCIT:C91445	8	NCIT
Non-small cell lung	DOID:3908	8	DOID
Non-small cell lung	MONDO:0005233	8	MONDO
Non-small cell lung	NCIT:C2926	8	NCIT
Non-small cell lung	NCIT:C91445	8	NCIT
Non-small cell lung;Colorectal adenocarcinoma	no_match	n/a	none
Non-small cell lung;Lagerhans cell histiocytosis;Erdheim-Chester histiocytosis	no_match	n/a	none
Non-small cell lung;Lung adenocarcinoma	no_match	n/a	none
Oligodendroglioma	DOID:3181	10	DOID
Oligodendroglioma	MONDO:0016695	10	MONDO
Oligodendroglioma	NCIT:C3288	10	NCIT
Oligodendroglioma	DOID:3181	10	DOID
Oligodendroglioma	MONDO:0016695	10	MONDO
Oligodendroglioma	NCIT:C3288	10	NCIT
Oral Squamous Cell Carcinoma	DOID:0050866	10	DOID
Oral Squamous Cell Carcinoma	MONDO:0004958	4	MONDO
Oropharynx Cancer	DOID:8557	10	DOID
Oropharynx Cancer	MONDO:0004608	10	MONDO
Osteosarcoma	DOID:3347	10	DOID
Osteosarcoma	MONDO:0009807	10	MONDO
Osteosarcoma	NCIT:C9145	10	NCIT
Other Acute Leukemia	no_match	n/a	none
Ovarian Cancer	DOID:2394	10	DOID
Ovarian Cancer	MONDO:0008170	10	MONDO
Ovarian Cancer	NCIT:C4908	8	NCIT
Ovarian Cancer	NCIT:C7431	8	NCIT
Ovarian Carcinoma	DOID:4001	10	DOID
Ovarian Carcinoma	MONDO:0005140	10	MONDO
Ovarian Carcinoma	NCIT:C4908	10	NCIT
Ovarian Clear Cell Carcinoma	DOID:0050934	10	DOID
Ovarian Clear Cell Carcinoma	MONDO:0000548	4	MONDO
Ovarian Cystadenocarcinoma	DOID:3605	10	DOID
Ovarian Cystadenocarcinoma	MONDO:0002702	10	MONDO
Ovarian Cystadenocarcinoma	NCIT:C5228	10	NCIT
Ovarian Granulosa Cell Tumor	MONDO:0023283	10	MONDO
Ovarian Serous Carcinoma	DOID:0050933	10	DOID
Ovarian Serous Carcinoma	MONDO:0005211	8	MONDO
Ovarian Serous Carcinoma	NCIT:C7550	8	NCIT
Ovarian Serous Cystadenocarcinoma	DOID:5746	10	DOID
Ovarian Serous Cystadenocarcinoma	MONDO:0006046	10	MONDO
Ovarian Serous Cystadenocarcinoma	NCIT:C7978	10	NCIT
Ovary	DOID:2394	8	DOID
Ovary	MONDO:0008170	8	MONDO
Ovary	MONDO:0021068	8	MONDO
Ovary;Any cancer type	no_match	n/a	none
PR	MONDO:0010667	4	MONDO
PRAD	MONDO:0005082	4	MONDO
PTEN Harmatoma Tumor Syndrome	no_match	n/a	none
Pancreas	DOID:1793	8	DOID
Pancreas	MONDO:0005192	8	MONDO
Pancreas	MONDO:0009831	8	MONDO
Pancreas	MONDO:0021040	8	MONDO
Pancreas	NCIT:C3305	8	NCIT
Pancreas	NCIT:C3850	8	NCIT
Pancreatic Adenocarcinoma	DOID:4074	10	DOID
Pancreatic Adenocarcinoma	MONDO:0006047	10	MONDO
Pancreatic Adenocarcinoma	NCIT:C8294	10	NCIT
Pancreatic Cancer	DOID:1793	10	DOID
Pancreatic Cancer	MONDO:0005192	8	MONDO
Pancreatic Cancer	MONDO:0009831	8	MONDO
Pancreatic Cancer	NCIT:C3850	8	NCIT
Pancreatic Cancer	NCIT:C91446	8	NCIT
Pancreatic Carcinoma	DOID:4905	10	DOID
Pancreatic Carcinoma	MONDO:0005192	8	MONDO
Pancreatic Carcinoma	NCIT:C3850	10	NCIT
Pancreatic Ductal Adenocarcinoma	DOID:3498	10	DOID
Pancreatic Ductal Adenocarcinoma	MONDO:0005184	10	MONDO
Pancreatic Ductal Adenocarcinoma	NCIT:C9120	10	NCIT
Pancreatic Ductal Carcinoma	DOID:3587	10	DOID
Pancreatic Ductal Carcinoma	MONDO:0005184	8	MONDO
Papillary Adenocarcinoma	DOID:3112	10	DOID
Papillary Adenocarcinoma	MONDO:0002512	10	MONDO
Papillary Adenocarcinoma	NCIT:C2853	10	NCIT
Papillary Carcinoma	DOID:3113	10	DOID
Papillary Carcinoma	MONDO:0006509	10	MONDO
Papillary Carcinoma	NCIT:C2927	10	NCIT
Papillary Renal Cell Carcinoma	DOID:4465	10	DOID
Papillary Renal Cell Carcinoma	MONDO:0017884	10	MONDO
Papillary Renal Cell Carcinoma	NCIT:C6975	10	NCIT
Papillary Thyroid Carcinoma	DOID:3969	10	DOID
Papillary Thyroid Carcinoma	MONDO:0005075	8	MONDO
Papillary Thyroid Carcinoma	NCIT:C4035	8	NCIT
Papillary thyroid carcinoma	DOID:3969	10	DOID
Papillary thyroid carcinoma	MONDO:0005075	8	MONDO
Papillary thyroid carcinoma	NCIT:C4035	8	NCIT
Paraganglioma	DOID:0050773	10	DOID
Paraganglioma	MONDO:0000448	10	MONDO
Paraganglioma	NCIT:C3308	10	NCIT
Parietal Lobe Ependymoma	DOID:0050903	10	DOID
Parietal Lobe Ependymoma	MONDO:0000520	4	MONDO
Pediatric B-cell Acute Lymphoblastic Leukemia	no_match	n/a	none
Pediatric B-lymphoblastic Leukemia	no_match	n/a	none
Pediatric glioma	no_match	n/a	none
Pericytoma	no_match	n/a	none
Peripheral T Cell Lymphoma	no_match	n/a	none
Peripheral T-cell Lymphoma	DOID:0050749	10	DOID
Peripheral T-cell Lymphoma	MONDO:0000430	8	MONDO
Peripheral T-cell Lymphoma	NCIT:C3468	8	NCIT
Peripheral T-cell Lymphoma	NCIT:C4340	8	NCIT
Peritoneal Mesothelioma	DOID:1788	10	DOID
Peritoneal Mesothelioma	MONDO:0006362	10	MONDO
Peritoneal Mesothelioma	NCIT:C7633	10	NCIT
Peutz-Jeghers Syndrome	DOID:3852	10	DOID
Peutz-Jeghers Syndrome	MONDO:0008280	10	MONDO
Peutz-Jeghers Syndrome	NCIT:C3324	10	NCIT
Pheochromocytoma	DOID:0050771	10	DOID
Pheochromocytoma	MONDO:0004974	8	MONDO
Pheochromocytoma	NCIT:C3326	8	NCIT
Pilocytic Astrocytoma	DOID:4851	10	DOID
Pilocytic Astrocytoma	MONDO:0016691	10	MONDO
Pilocytic Astrocytoma	NCIT:C4047	10	NCIT
Plasma Cell Disorder	MONDO:0004959	4	MONDO
Pleomorphic Carcinoma	DOID:5662	10	DOID
Pleomorphic Carcinoma	MONDO:0003573	10	MONDO
Pleomorphic Carcinoma	NCIT:C4094	10	NCIT
Pleomorphic Xanthoastrocytoma	DOID:4852	10	DOID
Pleomorphic Xanthoastrocytoma	MONDO:0016690	10	MONDO
Pleomorphic Xanthoastrocytoma	NCIT:C4323	10	NCIT
Plexiform Neurofibroma	DOID:5151	10	DOID
Plexiform Neurofibroma	MONDO:0003304	10	MONDO
Plexiform neurofibroma	DOID:5151	10	DOID
Plexiform neurofibroma	MONDO:0003304	10	MONDO
Plexiform neurofibroma;Malignant peripheral nerve sheat tumor	no_match	n/a	none
Polycythemia Vera	DOID:8997	10	DOID
Polycythemia Vera	MONDO:0009891	8	MONDO
Polycythemia Vera	NCIT:C3336	10	NCIT
Post-Transplant Lymphoproliferative Disorder	MONDO:0019088	9	MONDO
Post-Transplant Lymphoproliferative Disorder	NCIT:C4727	10	NCIT
Precursor B Lymphoblastic Lymphoma/leukemia	DOID:7061	10	DOID
Precursor B Lymphoblastic Lymphoma/leukemia	MONDO:0005059	5	MONDO
Precursor B Lymphoblastic Lymphoma/leukemia	NCIT:C3161	5	NCIT
Primary Myelofibrosis	DOID:4971	10	DOID
Primary Myelofibrosis	MONDO:0009692	10	MONDO
Primary Myelofibrosis	MONDO:0044903	10	MONDO
Primary Myelofibrosis	NCIT:C2862	10	NCIT
Primary Myelofibrosis	NCIT:C3248	10	NCIT
Primary adenocarcinoma of colon	DOID:234	8	DOID
Primary adenocarcinoma of colon	MONDO:0002271	8	MONDO
Primary adenocarcinoma of colon	NCIT:C4349	8	NCIT
Primary adenocarcinoma of intestinal tract	no_match	n/a	none
Primary malignant neoplasm of bone marrow	DOID:4960	8	DOID
Primary malignant neoplasm of bone marrow	MONDO:0005374	8	MONDO
Primary malignant neoplasm of bone marrow	MONDO:0021138	8	MONDO
Primary malignant neoplasm of colon	MONDO:0021063	8	MONDO
Primary malignant neoplasm of colon	NCIT:C9242	8	NCIT
Primary malignant neoplasm of endocrine gland	DOID:170	8	DOID
Primary malignant neoplasm of endocrine gland	MONDO:0021069	8	MONDO
Primary malignant neoplasm of endocrine gland	NCIT:C3575	8	NCIT
Primary malignant neoplasm of gastrointestinal tract	no_match	n/a	none
Primary malignant neoplasm of intestinal tract	no_match	n/a	none
Primary malignant neoplasm of intra-abdominal organs	no_match	n/a	none
Primary malignant neoplasm of intrathoracic organs	no_match	n/a	none
Primary malignant neoplasm of large intestine	MONDO:0005575	8	MONDO
Primary malignant neoplasm of large intestine	NCIT:C4978	8	NCIT
Primary malignant neoplasm of lung	MONDO:0008903	8	MONDO
Primary malignant neoplasm of lung	NCIT:C7377	8	NCIT
Primary malignant neoplasm of respiratory tract	NCIT:C4571	8	NCIT
Primary malignant neoplasm of thyroid gland	DOID:1781	8	DOID
Primary malignant neoplasm of thyroid gland	MONDO:0002108	8	MONDO
Primary malignant neoplasm of thyroid gland	NCIT:C7510	8	NCIT
Primary malignant neoplasm of trunk	no_match	n/a	none
Primary malignant neoplasm	DOID:162	8	DOID
Primary malignant neoplasm	MONDO:0004992	8	MONDO
Primary malignant neoplasm	MONDO:0006517	8	MONDO
Primary malignant neoplasm	NCIT:C9305	10	NCIT
Primitive Neuroectodermal Tumor	DOID:171	7	DOID
Primitive Neuroectodermal Tumor	MONDO:0005462	10	MONDO
Primitive Neuroectodermal Tumor	NCIT:C3716	10	NCIT
Prostate Adenocarcinoma	DOID:2526	10	DOID
Prostate Adenocarcinoma	MONDO:0005082	10	MONDO
Prostate Adenocarcinoma	NCIT:C2919	10	NCIT
Prostate Cancer	DOID:10283	10	DOID
Prostate Cancer	MONDO:0008315	10	MONDO
Prostate Cancer	NCIT:C4863	8	NCIT
Prostate Cancer	NCIT:C91517	8	NCIT
Prostate Carcinoma	DOID:10286	10	DOID
Prostate Carcinoma	MONDO:0005159	10	MONDO
Prostate Carcinoma	NCIT:C4863	10	NCIT
Prostate adenocarcinoma	DOID:2526	10	DOID
Prostate adenocarcinoma	MONDO:0005082	10	MONDO
Prostate adenocarcinoma	NCIT:C2919	10	NCIT
Prostate adenocarcinoma;Any cancer type	no_match	n/a	none
Prostate adenocarcinoma;Pancreas adenocarcinoma	no_match	n/a	none
Pseudomyxoma Peritonei	DOID:3559	10	DOID
Pseudomyxoma Peritonei	MONDO:0017048	10	MONDO
Pseudomyxoma Peritonei	NCIT:C3345	10	NCIT
R	MONDO:0018186	8	MONDO
R	NCIT:C3360	8	NCIT
RA	MONDO:0005272	8	MONDO
RA	MONDO:0008383	8	MONDO
RA	NCIT:C2872	8	NCIT
RA	NCIT:C2884	8	NCIT
Rash and Other Nonspecific Skin Eruption	no_match	n/a	none
Rectum Cancer	DOID:1993	10	DOID
Rectum Cancer	MONDO:0006519	8	MONDO
Renal Carcinoma	DOID:4451	10	DOID
Renal Carcinoma	MONDO:0005206	10	MONDO
Renal Carcinoma	NCIT:C9384	8	NCIT
Renal Cell Carcinoma	DOID:4450	10	DOID
Renal Cell Carcinoma	MONDO:0005086	10	MONDO
Renal Cell Carcinoma	NCIT:C9385	10	NCIT
Renal Clear Cell Carcinoma	DOID:4467	8	DOID
Renal Clear Cell Carcinoma	MONDO:0005005	8	MONDO
Renal Clear Cell Carcinoma	NCIT:C4033	8	NCIT
Renal angiomyolipoma	DOID:8411	8	DOID
Renal angiomyolipoma	MONDO:0004555	8	MONDO
Renal angiomyolipoma;Giant cell astrocytoma	no_match	n/a	none
Renal	DOID:263	8	DOID
Renal	MONDO:0002367	8	MONDO
Renal	MONDO:0005206	8	MONDO
Renal	MONDO:0021163	8	MONDO
Renal	NCIT:C3150	8	NCIT
Renal	NCIT:C9384	8	NCIT
Renal;Any cancer type	no_match	n/a	none
Reninoma	no_match	n/a	none
Retinoblastoma	DOID:768	10	DOID
Retinoblastoma	MONDO:0008380	10	MONDO
Retinoblastoma	NCIT:C7541	10	NCIT
Rhabdoid Cancer	DOID:3672	10	DOID
Rhabdoid Cancer	MONDO:0002728	4	MONDO
Rhabdomyosarcoma	DOID:3247	10	DOID
Rhabdomyosarcoma	MONDO:0005212	10	MONDO
Rhabdomyosarcoma	NCIT:C3359	10	NCIT
Salivary Gland Carcinoma	DOID:0050904	10	DOID
Salivary Gland Carcinoma	MONDO:0000521	10	MONDO
Salivary Gland Carcinoma	NCIT:C9272	10	NCIT
Sarcoma	DOID:1115	10	DOID
Sarcoma	MONDO:0005089	10	MONDO
Sarcoma	NCIT:C9118	10	NCIT
Sarcoma;Stomach	no_match	n/a	none
Schwannoma	DOID:3192	8	DOID
Schwannoma	MONDO:0002546	10	MONDO
Schwannoma	NCIT:C3269	10	NCIT
Schwannoma;Meningioma	no_match	n/a	none
Schwannoma;Neurofibroma	no_match	n/a	none
Scrotum Paget's Disease	DOID:3444	10	DOID
Scrotum Paget's Disease	MONDO:0002649	10	MONDO
Secondary malignant neoplasm of intrathoracic organs	no_match	n/a	none
Secondary malignant neoplasm of lung	DOID:2158	8	DOID
Secondary malignant neoplasm of respiratory tract	no_match	n/a	none
Secondary malignant neoplasm of trunk	no_match	n/a	none
Secondary malignant neoplastic disease	no_match	n/a	none
Serous Carcinoma	DOID:3114	8	DOID
Serous Carcinoma	MONDO:0005278	4	MONDO
Sex Cord Stromal Tumor	MONDO:0021657	4	MONDO
Sezary's Disease	DOID:8541	10	DOID
Sezary's Disease	MONDO:0017844	8	MONDO
Sezary's Disease	NCIT:C3366	8	NCIT
Skin Cancer	DOID:4159	10	DOID
Skin Cancer	MONDO:0002898	10	MONDO
Skin Cancer	NCIT:C2920	8	NCIT
Skin Melanoma	DOID:8923	10	DOID
Skin Melanoma	MONDO:0005012	8	MONDO
Skin Melanoma	NCIT:C3510	8	NCIT
Skin Squamous Cell Carcinoma	DOID:3151	10	DOID
Skin Squamous Cell Carcinoma	MONDO:0002529	10	MONDO
Skin Squamous Cell Carcinoma	NCIT:C4819	10	NCIT
Skin lesion	no_match	n/a	none
Small Cell Carcinoma Of The Ovary Hypercalcemic Type	no_match	n/a	none
Small Cell Carcinoma	DOID:0050685	10	DOID
Small Cell Carcinoma	MONDO:0000402	10	MONDO
Small Cell Carcinoma	NCIT:C3915	10	NCIT
Soft tissue lesion	no_match	n/a	none
Solid Pseudopapillary Tumor of Pancreas	no_match	n/a	none
Solid Tumor	NCIT:C9292	9	NCIT
Solid tumor	NCIT:C9292	9	NCIT
Solid tumors	NCIT:C9292	9	NCIT
Solitary Fibrous Tumor	MONDO:0016238	10	MONDO
Solitary Fibrous Tumor	NCIT:C7634	10	NCIT
Spindle Cell Neoplasm	MONDO:0020664	10	MONDO
Squamous Cell Carcinoma	DOID:1749	10	DOID
Squamous Cell Carcinoma	MONDO:0005096	10	MONDO
Squamous Cell Carcinoma	NCIT:C2929	10	NCIT
Stomach Cancer	DOID:10534	10	DOID
Stomach Cancer	MONDO:0001056	8	MONDO
Stomach Cancer	NCIT:C4911	8	NCIT
Stomach Carcinoma	DOID:5517	10	DOID
Stomach Carcinoma	MONDO:0004950	8	MONDO
Stomach Carcinoma	NCIT:C4911	8	NCIT
Stomach	DOID:10534	10	DOID
Stomach	MONDO:0001056	8	MONDO
Stomach	MONDO:0021085	8	MONDO
Stomach	NCIT:C3387	8	NCIT
Stomach	NCIT:C4911	8	NCIT
Stomach;Anaplastic oligodendroglioma	no_match	n/a	none
Stomach;Gastroesophageal junction adenocarcinoma	no_match	n/a	none
Stomach;Prostate adenocarcinoma	no_match	n/a	none
Supratentorial Glioblastoma Multiforme	NCIT:C5149	8	NCIT
Synovial Sarcoma	DOID:5485	10	DOID
Synovial Sarcoma	MONDO:0010434	10	MONDO
Systemic Mastocytosis	DOID:349	10	DOID
Systemic Mastocytosis	MONDO:0016586	10	MONDO
Systemic Mastocytosis	NCIT:C9235	10	NCIT
Systemic mastocytosis	DOID:349	10	DOID
Systemic mastocytosis	MONDO:0016586	10	MONDO
Systemic mastocytosis	NCIT:C9235	10	NCIT
T Cell Lymphoproliferative Disorder	no_match	n/a	none
T Lymphoblastic Leukemia/Lymphoma	DOID:0060058	5	DOID
T Lymphoblastic Leukemia/Lymphoma	MONDO:0003537	8	MONDO
T Lymphoblastic Leukemia/Lymphoma	NCIT:C8694	10	NCIT
T-Cell LGL Leukemia	MONDO:0019469	8	MONDO
T-cell Acute Lymphoblastic Leukemia	DOID:5603	8	DOID
T-cell Acute Lymphoblastic Leukemia	MONDO:0004963	10	MONDO
T-cell Acute Lymphoblastic Leukemia	NCIT:C3183	8	NCIT
T-cell Large Granular Lymphocyte Leukemia	DOID:0050751	10	DOID
T-cell Large Granular Lymphocyte Leukemia	MONDO:0019469	10	MONDO
T-cell Large Granular Lymphocyte Leukemia	NCIT:C4664	10	NCIT
T-cell Leukemia	DOID:715	10	DOID
T-cell Leukemia	MONDO:0005525	10	MONDO
T-cell adult acute lymphocytic leukemia	DOID:5602	10	DOID
T-cell adult acute lymphocytic leukemia	MONDO:0003539	10	MONDO
T-cell adult acute lymphocytic leukemia	NCIT:C9142	8	NCIT
Thrombocytopenia	DOID:1588	10	DOID
Thrombocytopenia	MONDO:0002049	10	MONDO
Thrombocytopenia	NCIT:C3408	10	NCIT
Thrombocytosis	DOID:2228	10	DOID
Thrombocytosis	MONDO:0002249	4	MONDO
Thrombocytosis	NCIT:C35530	10	NCIT
Thymic Carcinoma	DOID:3284	10	DOID
Thymic Carcinoma	MONDO:0006451	10	MONDO
Thymic Carcinoma	NCIT:C7569	10	NCIT
Thymic Tumor	DOID:3277	8	DOID
Thymic Tumor	MONDO:0005197	8	MONDO
Thymic Tumor	NCIT:C3412	8	NCIT
Thymic	DOID:3277	8	DOID
Thymic	MONDO:0005197	8	MONDO
Thymic	NCIT:C3412	8	NCIT
Thymoma 	no_match	n/a	none
Thyroid Cancer	DOID:1781	10	DOID
Thyroid Cancer	MONDO:0002108	10	MONDO
Thyroid Cancer	NCIT:C4815	8	NCIT
Thyroid Cancer	NCIT:C91496	8	NCIT
Thyroid Carcinoma	DOID:3963	10	DOID
Thyroid Carcinoma	MONDO:0015075	8	MONDO
Thyroid Carcinoma	NCIT:C4815	8	NCIT
Thyroid Hurthle Cell Carcinoma	DOID:8161	10	DOID
Thyroid Hurthle Cell Carcinoma	MONDO:0011836	10	MONDO
Thyroid Medullary Carcinoma	DOID:3973	10	DOID
Thyroid Medullary Carcinoma	MONDO:0015277	8	MONDO
Thyroid Medullary Carcinoma	NCIT:C3879	8	NCIT
Thyroid carcinoma	DOID:3963	10	DOID
Thyroid carcinoma	MONDO:0015075	8	MONDO
Thyroid carcinoma	NCIT:C4815	8	NCIT
Thyroid	DOID:1781	10	DOID
Thyroid	DOID:7166	10	DOID
Thyroid	MONDO:0002108	10	MONDO
Thyroid	NCIT:C3414	8	NCIT
Thyroid	NCIT:C4815	8	NCIT
Thyroid	NCIT:C91496	8	NCIT
Thyroid;Glioma;Lung;Ovary;Breast adenocarcinoma;Any cancer type;Endometrium	no_match	n/a	none
Triple-receptor Negative Breast Cancer	DOID:0060081	10	DOID
Triple-receptor Negative Breast Cancer	MONDO:0005494	8	MONDO
Tuberous Sclerosis	DOID:13515	10	DOID
Tuberous Sclerosis	MONDO:0001734	10	MONDO
Tumor Of Exocrine Pancreas	DOID:1795	10	DOID
Tumor Of Exocrine Pancreas	MONDO:0021076	8	MONDO
Tumor Of Exocrine Pancreas	NCIT:C4445	8	NCIT
Tumors of Peripheral Nerves 	no_match	n/a	none
Unknown	no_match	n/a	none
Ureter Small Cell Carcinoma	DOID:6886	10	DOID
Ureter Small Cell Carcinoma	MONDO:0006482	10	MONDO
Ureter Small Cell Carcinoma	NCIT:C6176	10	NCIT
Urinary tract carcinoma	no_match	n/a	none
Urothelial Carcinoma	MONDO:0040679	10	MONDO
Urothelial Carcinoma	NCIT:C4030	10	NCIT
Uterine Corpus Endometrial Carcinoma	DOID:0050939	10	DOID
Uterine Corpus Endometrial Carcinoma	MONDO:0000553	10	MONDO
Uterine Corpus Serous Adenocarcinoma	DOID:5750	10	DOID
Uterine Corpus Serous Adenocarcinoma	MONDO:0003629	10	MONDO
Uterine Corpus Serous Adenocarcinoma	NCIT:C27838	8	NCIT
Uveal Melanoma	DOID:6039	10	DOID
Uveal Melanoma	MONDO:0006486	10	MONDO
Uveal Melanoma	NCIT:C7712	10	NCIT
Von Hippel-Lindau Disease	DOID:14175	10	DOID
Von Hippel-Lindau Disease	MONDO:0008667	10	MONDO
Von Hippel-Lindau Disease	NCIT:C3105	8	NCIT
Waldenstroem's macroglobulinemia	DOID:0060901	10	DOID
Waldenstroem's macroglobulinemia	MONDO:0007926	4	MONDO
Waldenstrm macroglobulinemia	DOID:0050747	8	DOID
Waldenstrm macroglobulinemia	MONDO:0007926	10	MONDO
Waldenstrm macroglobulinemia	NCIT:C80307	10	NCIT
Waldenstrm's Macroglobulinemia	DOID:0060901	10	DOID
Waldenstrm's Macroglobulinemia	MONDO:0007926	10	MONDO
Waldenstrm's Macroglobulinemia	NCIT:C80307	10	NCIT
Well-Differentiated Liposarcoma	MONDO:0005103	10	MONDO
Well-Differentiated Liposarcoma	NCIT:C4250	10	NCIT
Wilms Tumor	MONDO:0006058	10	MONDO
Wilms Tumor	NCIT:C3267	10	NCIT
acral lentiginous melanoma	DOID:6367	10	DOID
acral lentiginous melanoma	MONDO:0003865	10	MONDO
acute leukemia	DOID:12603	10	DOID
acute leukemia	MONDO:0010643	10	MONDO
acute leukemia	NCIT:C9300	10	NCIT
acute lymphocytic leukemia	DOID:9952	10	DOID
acute lymphocytic leukemia	MONDO:0004967	8	MONDO
acute lymphocytic leukemia	NCIT:C3167	8	NCIT
acute myeloid leukemia	DOID:9119	10	DOID
acute myeloid leukemia	MONDO:0018874	10	MONDO
acute myeloid leukemia	NCIT:C3171	10	NCIT
acute promyelocytic leukemia	DOID:0060318	10	DOID
acute promyelocytic leukemia	MONDO:0012883	10	MONDO
acute promyelocytic leukemia	NCIT:C3182	8	NCIT
adrenocortical carcinoma	DOID:3948	10	DOID
adrenocortical carcinoma	MONDO:0006639	8	MONDO
adrenocortical carcinoma	NCIT:C9325	8	NCIT
adult T-cell leukemia	DOID:0050523	10	DOID
adult T-cell leukemia	MONDO:0019471	8	MONDO
ampulla of Vater carcinoma	DOID:4932	10	DOID
ampulla of Vater carcinoma	MONDO:0017590	8	MONDO
ampulla of Vater carcinoma	NCIT:C3908	10	NCIT
anal canal cancer	DOID:0050688	10	DOID
anal canal cancer	MONDO:0000405	10	MONDO
anal canal cancer	NCIT:C7489	8	NCIT
anaplastic large cell lymphoma	DOID:0050744	10	DOID
anaplastic large cell lymphoma	MONDO:0020325	10	MONDO
anaplastic large cell lymphoma	NCIT:C3720	10	NCIT
astrocytoma	DOID:3069	10	DOID
astrocytoma	MONDO:0019781	8	MONDO
astrocytoma	NCIT:C60781	10	NCIT
atypical teratoid rhabdoid tumor	DOID:2129	10	DOID
atypical teratoid rhabdoid tumor	MONDO:0020560	10	MONDO
autonomic nervous system neoplasm	DOID:2621	10	DOID
autonomic nervous system neoplasm	MONDO:0002366	10	MONDO
autonomic nervous system neoplasm	NCIT:C5112	10	NCIT
basal cell carcinoma	DOID:2513	10	DOID
basal cell carcinoma	MONDO:0005341	8	MONDO
basal cell carcinoma	NCIT:C156767	10	NCIT
biliary tract cancer	DOID:4607	10	DOID
biliary tract cancer	MONDO:0003060	10	MONDO
bladder carcinoma	DOID:4007	10	DOID
bladder carcinoma	MONDO:0004986	8	MONDO
bladder carcinoma	NCIT:C4912	10	NCIT
bladder transitional cell papilloma	DOID:6933	10	DOID
bladder transitional cell papilloma	MONDO:0044906	8	MONDO
bladder transitional cell papilloma	NCIT:C39858	8	NCIT
bladder urothelial carcinoma	DOID:4006	10	DOID
bladder urothelial carcinoma	MONDO:0005611	8	MONDO
bladder urothelial carcinoma	NCIT:C39851	10	NCIT
bone marrow cancer	DOID:4960	10	DOID
bone marrow cancer	MONDO:0021138	10	MONDO
bone marrow cancer	NCIT:C35501	8	NCIT
brain glioblastoma multiforme	DOID:3073	10	DOID
brain glioblastoma multiforme	MONDO:0002501	8	MONDO
brain glioblastoma multiforme	NCIT:C4642	8	NCIT
brain glioma	DOID:0060108	10	DOID
brain glioma	MONDO:0005499	10	MONDO
breast adenocarcinoma	DOID:3458	10	DOID
breast adenocarcinoma	MONDO:0004988	10	MONDO
breast adenocarcinoma	NCIT:C5214	10	NCIT
breast cancer	DOID:1612	10	DOID
breast cancer	MONDO:0007254	10	MONDO
breast cancer	NCIT:C118809	8	NCIT
breast cancer	NCIT:C4872	8	NCIT
breast carcinoma	DOID:3459	10	DOID
breast carcinoma	MONDO:0004989	10	MONDO
breast carcinoma	NCIT:C4872	10	NCIT
breast papillary carcinoma	DOID:5592	10	DOID
breast papillary carcinoma	MONDO:0003532	10	MONDO
cancer	DOID:162	10	DOID
cancer	MONDO:0004992	10	MONDO
cancer	NCIT:C9305	8	NCIT
carcinoma	DOID:305	10	DOID
carcinoma	MONDO:0004993	10	MONDO
carcinoma	NCIT:C2916	10	NCIT
central nervous system cancer	DOID:3620	10	DOID
central nervous system cancer	MONDO:0002714	10	MONDO
central nervous system cancer	NCIT:C4627	8	NCIT
central nervous system lymphoma	DOID:3234	10	DOID
central nervous system lymphoma	MONDO:0002571	8	MONDO
central nervous system lymphoma	NCIT:C9301	10	NCIT
cervical adenocarcinoma	DOID:3702	10	DOID
cervical adenocarcinoma	MONDO:0005153	10	MONDO
cervical adenocarcinoma	NCIT:C4029	10	NCIT
cervical cancer	DOID:4362	10	DOID
cervical cancer	MONDO:0002974	10	MONDO
cervical cancer	NCIT:C9039	8	NCIT
cervical squamous cell carcinoma	DOID:3744	10	DOID
cervical squamous cell carcinoma	MONDO:0006143	10	MONDO
cervical squamous cell carcinoma	NCIT:C4028	8	NCIT
cervix carcinoma	DOID:2893	10	DOID
cervix carcinoma	MONDO:0005131	8	MONDO
cervix carcinoma	NCIT:C9039	8	NCIT
cholangiocarcinoma	DOID:4947	10	DOID
cholangiocarcinoma	MONDO:0019087	10	MONDO
cholangiocarcinoma	NCIT:C4436	10	NCIT
chondrosarcoma	DOID:3371	10	DOID
chondrosarcoma	MONDO:0008977	10	MONDO
chondrosarcoma	NCIT:C2946	10	NCIT
chordoma	DOID:3302	10	DOID
chordoma	MONDO:0008978	10	MONDO
chordoma	NCIT:C2947	10	NCIT
chronic leukemia	DOID:1036	10	DOID
chronic leukemia	MONDO:0001014	10	MONDO
chronic leukemia	NCIT:C3483	10	NCIT
chronic lymphocytic leukemia	DOID:1040	10	DOID
chronic lymphocytic leukemia	MONDO:0004948	8	MONDO
chronic lymphocytic leukemia	NCIT:C3163	10	NCIT
chronic myeloid leukemia	DOID:8552	10	DOID
chronic myeloid leukemia	MONDO:0011996	8	MONDO
chronic myeloid leukemia	NCIT:C3174	8	NCIT
chronic myeloid leukemia	NCIT:C91465	8	NCIT
chronic myelomonocytic leukemia	DOID:0080188	10	DOID
chronic myelomonocytic leukemia	MONDO:0020311	10	MONDO
chronic myelomonocytic leukemia	NCIT:C3178	10	NCIT
clear cell renal cell carcinoma	DOID:4467	10	DOID
clear cell renal cell carcinoma	MONDO:0005005	8	MONDO
clear cell renal cell carcinoma	MONDO:0007763	8	MONDO
clear cell renal cell carcinoma	NCIT:C4033	10	NCIT
clear cell sarcoma	DOID:4233	10	DOID
clear cell sarcoma	MONDO:0002926	10	MONDO
colon adenocarcinoma	DOID:234	10	DOID
colon adenocarcinoma	MONDO:0002271	10	MONDO
colon adenocarcinoma	NCIT:C4349	10	NCIT
colon adenoma	DOID:0050912	10	DOID
colon adenoma	MONDO:0000527	10	MONDO
colon adenoma	NCIT:C3864	10	NCIT
colon cancer	DOID:219	10	DOID
colon cancer	MONDO:0002032	8	MONDO
colon cancer	MONDO:0021063	8	MONDO
colon cancer	NCIT:C4910	8	NCIT
colon carcinoma	DOID:1520	10	DOID
colon carcinoma	MONDO:0002032	10	MONDO
colon carcinoma	NCIT:C4910	10	NCIT
colon neuroendocrine neoplasm	DOID:4118	10	DOID
colon neuroendocrine neoplasm	MONDO:0002882	10	MONDO
colon neuroendocrine neoplasm	NCIT:C5697	10	NCIT
colorectal adenocarcinoma	DOID:0050861	10	DOID
colorectal adenocarcinoma	MONDO:0005008	10	MONDO
colorectal adenocarcinoma	NCIT:C5105	10	NCIT
colorectal cancer	DOID:9256	10	DOID
colorectal cancer	MONDO:0005575	10	MONDO
colorectal cancer	NCIT:C2955	8	NCIT
colorectal cancer	NCIT:C91466	8	NCIT
congenital fibrosarcoma	DOID:8418	10	DOID
congenital fibrosarcoma	MONDO:0004557	10	MONDO
congenital fibrosarcoma	NCIT:C4244	8	NCIT
desmoid tumor	DOID:0080366	10	DOID
desmoid tumor	MONDO:0007608	10	MONDO
desmoid tumor	NCIT:C9182	8	NCIT
diffuse large B-cell lymphoma	DOID:0050745	10	DOID
diffuse large B-cell lymphoma	MONDO:0018905	10	MONDO
diffuse large B-cell lymphoma	NCIT:C8851	10	NCIT
ductal carcinoma in situ	DOID:0060074	10	DOID
ductal carcinoma in situ	MONDO:0005023	8	MONDO
ductal carcinoma in situ	NCIT:C2924	8	NCIT
duodenum adenocarcinoma	DOID:10816	10	DOID
duodenum adenocarcinoma	MONDO:0006186	8	MONDO
endometrial adenocarcinoma	DOID:2870	10	DOID
endometrial adenocarcinoma	MONDO:0005461	8	MONDO
endometrial adenocarcinoma	NCIT:C7359	10	NCIT
endometrial cancer	DOID:1380	10	DOID
endometrial cancer	MONDO:0011962	10	MONDO
endometrial cancer	NCIT:C7558	8	NCIT
endometrial cancer	NCIT:C91528	8	NCIT
endometrial carcinoma	DOID:2871	10	DOID
endometrial carcinoma	MONDO:0002447	10	MONDO
endometrial carcinoma	NCIT:C7558	10	NCIT
endometrioid ovary carcinoma	DOID:5828	10	DOID
endometrioid ovary carcinoma	MONDO:0006335	8	MONDO
epithelioid sarcoma	DOID:6193	10	DOID
epithelioid sarcoma	MONDO:0017387	10	MONDO
epithelioid sarcoma	NCIT:C3714	10	NCIT
esophageal cancer	DOID:5041	10	DOID
esophageal cancer	MONDO:0007576	10	MONDO
esophageal cancer	NCIT:C118812	8	NCIT
esophageal cancer	NCIT:C3513	8	NCIT
esophageal carcinoma	DOID:1107	10	DOID
esophageal carcinoma	MONDO:0019086	8	MONDO
esophageal carcinoma	NCIT:C3513	10	NCIT
esophagus adenocarcinoma	DOID:4914	10	DOID
esophagus adenocarcinoma	MONDO:0005028	8	MONDO
esophagus adenocarcinoma	NCIT:C4025	8	NCIT
essential thrombocythemia	DOID:2224	10	DOID
essential thrombocythemia	MONDO:0005029	10	MONDO
essential thrombocythemia	NCIT:C3407	10	NCIT
estrogen-receptor negative breast cancer	DOID:0060076	10	DOID
estrogen-receptor negative breast cancer	MONDO:0006513	10	MONDO
estrogen-receptor positive breast cancer	DOID:0060075	10	DOID
estrogen-receptor positive breast cancer	MONDO:0006512	10	MONDO
fallopian tube cancer	DOID:1964	10	DOID
fallopian tube cancer	MONDO:0002158	10	MONDO
fallopian tube cancer	NCIT:C3867	8	NCIT
fibrolamellar carcinoma	DOID:5015	10	DOID
fibrolamellar carcinoma	MONDO:0006210	8	MONDO
fibrolamellar carcinoma	NCIT:C4131	10	NCIT
fibrosarcoma	DOID:3355	10	DOID
fibrosarcoma	MONDO:0005164	10	MONDO
fibrosarcoma	NCIT:C3043	10	NCIT
fibrous histiocytoma	DOID:4415	10	DOID
fibrous histiocytoma	MONDO:0002989	8	MONDO
fibrous histiocytoma	NCIT:C3739	8	NCIT
follicular lymphoma	DOID:0050873	10	DOID
follicular lymphoma	MONDO:0018906	10	MONDO
follicular lymphoma	NCIT:C3209	10	NCIT
follicular thyroid carcinoma	DOID:3962	10	DOID
follicular thyroid carcinoma	MONDO:0005034	8	MONDO
follicular thyroid carcinoma	NCIT:C8054	8	NCIT
gallbladder cancer	DOID:3121	10	DOID
gallbladder cancer	MONDO:0005411	10	MONDO
gallbladder cancer	NCIT:C3844	8	NCIT
ganglioglioma	DOID:5078	10	DOID
ganglioglioma	MONDO:0016733	10	MONDO
ganglioglioma	NCIT:C3788	10	NCIT
ganglioneuroblastoma	DOID:4163	10	DOID
ganglioneuroblastoma	MONDO:0005035	10	MONDO
ganglioneuroblastoma	NCIT:C3790	10	NCIT
gastric adenocarcinoma	DOID:3717	10	DOID
gastric adenocarcinoma	MONDO:0005036	10	MONDO
gastric adenocarcinoma	NCIT:C4004	10	NCIT
gastric adenosquamous carcinoma	DOID:5635	10	DOID
gastric adenosquamous carcinoma	MONDO:0006034	10	MONDO
gastric adenosquamous carcinoma	NCIT:C5474	10	NCIT
gastric signet ring cell adenocarcinoma	DOID:8025	10	DOID
gastric signet ring cell adenocarcinoma	MONDO:0006409	8	MONDO
gastric signet ring cell adenocarcinoma	NCIT:C5250	8	NCIT
gastroesophageal adenocarcinoma	DOID:0080375	10	DOID
gastroesophageal cancer	DOID:0080374	10	DOID
gastroesophageal junction adenocarcinoma	DOID:4944	10	DOID
gastroesophageal junction adenocarcinoma	MONDO:0003219	10	MONDO
gastroesophageal junction adenocarcinoma	NCIT:C9296	10	NCIT
gastrointestinal stromal tumor	DOID:9253	10	DOID
gastrointestinal stromal tumor	MONDO:0011719	10	MONDO
gastrointestinal stromal tumor	NCIT:C3868	10	NCIT
gastrointestinal system cancer	DOID:3119	10	DOID
gastrointestinal system cancer	MONDO:0002516	8	MONDO
gastrointestinal system cancer	NCIT:C4890	8	NCIT
germ cell cancer	DOID:2994	10	DOID
germ cell cancer	MONDO:0006290	8	MONDO
germ cell cancer	NCIT:C4925	8	NCIT
glioblastoma multiforme	DOID:3068	10	DOID
glioblastoma multiforme	MONDO:0018177	8	MONDO
glioblastoma multiforme	NCIT:C3058	8	NCIT
grade III astrocytoma	DOID:3078	10	DOID
grade III astrocytoma	MONDO:0016684	8	MONDO
grade III astrocytoma	NCIT:C9477	8	NCIT
granulosa cell tumor	DOID:2999	10	DOID
granulosa cell tumor	MONDO:0006036	10	MONDO
hairy cell leukemia	DOID:285	10	DOID
hairy cell leukemia	MONDO:0018935	10	MONDO
hairy cell leukemia	NCIT:C7402	10	NCIT
head and neck cancer	DOID:11934	10	DOID
head and neck cancer	MONDO:0005627	10	MONDO
head and neck cancer	NCIT:C35850	8	NCIT
head and neck cancer	NCIT:C4013	8	NCIT
head and neck squamous cell carcinoma	DOID:5520	10	DOID
head and neck squamous cell carcinoma	MONDO:0010150	10	MONDO
head and neck squamous cell carcinoma	NCIT:C34447	10	NCIT
hemangioma	DOID:255	10	DOID
hemangioma	MONDO:0006500	10	MONDO
hemangioma	NCIT:C3085	10	NCIT
hematologic cancer	DOID:2531	10	DOID
hematologic cancer	MONDO:0044881	8	MONDO
hematologic cancer	NCIT:C27134	8	NCIT
hepatocellular adenoma	DOID:0050868	10	DOID
hepatocellular adenoma	MONDO:0018902	10	MONDO
hepatocellular adenoma	NCIT:C3758	10	NCIT
hepatocellular carcinoma	DOID:684	10	DOID
hepatocellular carcinoma	MONDO:0007256	10	MONDO
hepatocellular carcinoma	NCIT:C3099	10	NCIT
histiocytic and dendritic cell cancer	DOID:5621	10	DOID
histiocytic and dendritic cell cancer	MONDO:0006247	4	MONDO
hypopharynx cancer	DOID:8533	10	DOID
hypopharynx cancer	MONDO:0005806	10	MONDO
inflammatory breast carcinoma	DOID:6263	10	DOID
inflammatory breast carcinoma	MONDO:0006804	10	MONDO
inflammatory breast carcinoma	NCIT:C4001	10	NCIT
inflammatory myofibroblastic tumor	DOID:0050905	10	DOID
inflammatory myofibroblastic tumor	MONDO:0015798	10	MONDO
inflammatory myofibroblastic tumor	NCIT:C6481	10	NCIT
intrahepatic cholangiocarcinoma	DOID:4928	10	DOID
intrahepatic cholangiocarcinoma	MONDO:0003210	10	MONDO
intrahepatic cholangiocarcinoma	NCIT:C35417	10	NCIT
invasive bladder transitional cell carcinoma	DOID:6477	10	DOID
invasive bladder transitional cell carcinoma	MONDO:0003890	8	MONDO
invasive bladder transitional cell carcinoma	NCIT:C27885	8	NCIT
invasive ductal carcinoma	DOID:3008	10	DOID
invasive ductal carcinoma	MONDO:0004953	8	MONDO
invasive ductal carcinoma	NCIT:C4194	8	NCIT
juvenile myelomonocytic leukemia	DOID:0050458	10	DOID
juvenile myelomonocytic leukemia	MONDO:0011908	10	MONDO
juvenile myelomonocytic leukemia	NCIT:C9233	10	NCIT
kidney cancer	DOID:263	10	DOID
kidney cancer	MONDO:0002367	10	MONDO
kidney cancer	NCIT:C9384	8	NCIT
kidney clear cell sarcoma	DOID:4880	10	DOID
kidney clear cell sarcoma	MONDO:0005006	8	MONDO
kidney clear cell sarcoma	NCIT:C4264	8	NCIT
larynx cancer	DOID:2596	10	DOID
larynx cancer	MONDO:0002352	10	MONDO
leiomyosarcoma	DOID:1967	10	DOID
leiomyosarcoma	MONDO:0005058	10	MONDO
leiomyosarcoma	NCIT:C3158	10	NCIT
leukemia	DOID:1240	10	DOID
leukemia	MONDO:0005059	10	MONDO
leukemia	NCIT:C3161	10	NCIT
liposarcoma	DOID:3382	10	DOID
liposarcoma	MONDO:0005060	10	MONDO
liposarcoma	NCIT:C3194	10	NCIT
liver cancer	DOID:3571	10	DOID
liver cancer	MONDO:0002691	10	MONDO
liver cancer	NCIT:C7711	8	NCIT
liver cancer	NCIT:C7927	8	NCIT
lung adenocarcinoma	DOID:3910	10	DOID
lung adenocarcinoma	MONDO:0005061	10	MONDO
lung adenocarcinoma	NCIT:C3512	10	NCIT
lung cancer	DOID:1324	10	DOID
lung cancer	MONDO:0008903	10	MONDO
lung cancer	NCIT:C4878	8	NCIT
lung carcinoma	DOID:3905	10	DOID
lung carcinoma	MONDO:0005138	10	MONDO
lung carcinoma	NCIT:C4878	10	NCIT
lung large cell carcinoma	DOID:4556	10	DOID
lung large cell carcinoma	MONDO:0003050	10	MONDO
lung large cell carcinoma	NCIT:C4450	10	NCIT
lung papillary adenocarcinoma	DOID:5588	10	DOID
lung papillary adenocarcinoma	MONDO:0006049	8	MONDO
lung papillary adenocarcinoma	NCIT:C5650	10	NCIT
lung small cell carcinoma	DOID:5409	10	DOID
lung small cell carcinoma	MONDO:0008433	8	MONDO
lung small cell carcinoma	NCIT:C4917	10	NCIT
lung squamous cell carcinoma	DOID:3907	10	DOID
lung squamous cell carcinoma	MONDO:0005097	8	MONDO
lung squamous cell carcinoma	NCIT:C3493	10	NCIT
lymphatic system cancer	DOID:0060073	10	DOID
lymphatic system cancer	MONDO:0000612	10	MONDO
lymphocytic leukemia	DOID:1037	10	DOID
lymphocytic leukemia	MONDO:0005402	8	MONDO
lymphocytic leukemia	NCIT:C7539	8	NCIT
lymphoma	DOID:0060058	10	DOID
lymphoma	MONDO:0005062	10	MONDO
lymphoma	NCIT:C3208	10	NCIT
lymphoplasmacytic lymphoma	DOID:0050747	10	DOID
lymphoplasmacytic lymphoma	MONDO:0000432	10	MONDO
lymphoplasmacytic lymphoma	NCIT:C3212	10	NCIT
mCRC - Metastatic colorectal cancer	no_match	n/a	none
malignant glioma	DOID:3070	10	DOID
malignant glioma	MONDO:0015917	10	MONDO
malignant glioma	NCIT:C4822	10	NCIT
malignant mesothelioma	DOID:1790	10	DOID
malignant mesothelioma	MONDO:0006292	10	MONDO
malignant mesothelioma	NCIT:C4456	10	NCIT
malignant peripheral nerve sheath tumor	DOID:5940	10	DOID
malignant peripheral nerve sheath tumor	MONDO:0017827	10	MONDO
malignant peripheral nerve sheath tumor	NCIT:C3798	10	NCIT
mantle cell lymphoma	DOID:0050746	10	DOID
mantle cell lymphoma	MONDO:0018876	10	MONDO
mantle cell lymphoma	NCIT:C4337	10	NCIT
marginal zone B-cell lymphoma	DOID:0050748	10	DOID
marginal zone B-cell lymphoma	MONDO:0017604	8	MONDO
marginal zone B-cell lymphoma	NCIT:C4341	8	NCIT
mast cell neoplasm	DOID:3664	10	DOID
mast cell neoplasm	MONDO:0002724	10	MONDO
mast cell neoplasm	NCIT:C9295	10	NCIT
mast-cell leukemia	DOID:9254	10	DOID
mast-cell leukemia	MONDO:0020334	10	MONDO
mast-cell leukemia	NCIT:C3169	10	NCIT
mature T-cell and NK-cell lymphoma	DOID:0050743	10	DOID
mature T-cell and NK-cell lymphoma	MONDO:0000430	8	MONDO
mature T-cell and NK-cell lymphoma	NCIT:C3468	8	NCIT
medulloblastoma	DOID:0050902	10	DOID
medulloblastoma	MONDO:0007959	10	MONDO
medulloblastoma	NCIT:C3222	10	NCIT
megakaryocytic leukemia	DOID:8761	10	DOID
megakaryocytic leukemia	MONDO:0018872	4	MONDO
melanoma	DOID:1909	10	DOID
melanoma	MONDO:0005105	10	MONDO
melanoma	NCIT:C3224	10	NCIT
meningothelial meningioma	DOID:7212	10	DOID
meningothelial meningioma	MONDO:0004145	10	MONDO
meningothelial meningioma	NCIT:C4329	10	NCIT
mucosal melanoma	DOID:0050929	10	DOID
mucosal melanoma	MONDO:0000544	10	MONDO
mucosal melanoma	NCIT:C114828	10	NCIT
multiple myeloma	DOID:9538	10	DOID
multiple myeloma	MONDO:0009693	8	MONDO
multiple myeloma	NCIT:C3242	8	NCIT
myelodysplastic syndrome	DOID:0050908	10	DOID
myelodysplastic syndrome	MONDO:0018881	10	MONDO
myelodysplastic syndrome	NCIT:C3247	10	NCIT
myelodysplastic/myeloproliferative neoplasm	DOID:4972	10	DOID
myelodysplastic/myeloproliferative neoplasm	MONDO:0006311	10	MONDO
myelodysplastic/myeloproliferative neoplasm	NCIT:C27262	10	NCIT
myelofibrosis	DOID:4971	10	DOID
myelofibrosis	MONDO:0044903	10	MONDO
myelofibrosis	NCIT:C3248	10	NCIT
myeloid leukemia	DOID:8692	10	DOID
myeloid leukemia	MONDO:0004643	10	MONDO
myeloid leukemia	NCIT:C3172	10	NCIT
myeloid neoplasm	DOID:0070004	10	DOID
myeloid neoplasm	MONDO:0005170	10	MONDO
myeloid neoplasm	NCIT:C9290	10	NCIT
myeloproliferative neoplasm	DOID:2226	10	DOID
myeloproliferative neoplasm	MONDO:0020076	10	MONDO
myeloproliferative neoplasm	NCIT:C4345	10	NCIT
myxoid liposarcoma	DOID:5363	10	DOID
myxoid liposarcoma	MONDO:0013280	10	MONDO
myxoid liposarcoma	NCIT:C27781	10	NCIT
neuroblastoma	DOID:769	10	DOID
neuroblastoma	MONDO:0005072	10	MONDO
neuroblastoma	NCIT:C3270	10	NCIT
neuroendocrine tumor	DOID:169	10	DOID
neuroendocrine tumor	MONDO:0019496	9	MONDO
neuroendocrine tumor	NCIT:C3809	9	NCIT
non-Hodgkin lymphoma	DOID:0060060	10	DOID
non-Hodgkin lymphoma	MONDO:0018908	10	MONDO
non-Hodgkin lymphoma	NCIT:C3211	10	NCIT
non-small cell lung carcinoma	DOID:3908	8	DOID
non-small cell lung carcinoma	MONDO:0005233	10	MONDO
non-small cell lung carcinoma	NCIT:C2926	8	NCIT
ocular melanoma	DOID:1752	10	DOID
ocular melanoma	MONDO:0006325	10	MONDO
ocular melanoma	NCIT:C8562	10	NCIT
oligodendroglioma	DOID:3181	10	DOID
oligodendroglioma	MONDO:0016695	10	MONDO
oligodendroglioma	NCIT:C3288	10	NCIT
oral cavity cancer	DOID:8618	10	DOID
oral cavity cancer	MONDO:0005515	10	MONDO
oral cavity cancer	NCIT:C8990	8	NCIT
osteosarcoma	DOID:3347	10	DOID
osteosarcoma	MONDO:0009807	10	MONDO
osteosarcoma	NCIT:C9145	10	NCIT
ovarian cancer	DOID:2394	10	DOID
ovarian cancer	MONDO:0008170	10	MONDO
ovarian cancer	NCIT:C4908	8	NCIT
ovarian cancer	NCIT:C7431	8	NCIT
ovarian carcinoma	DOID:4001	10	DOID
ovarian carcinoma	MONDO:0005140	10	MONDO
ovarian carcinoma	NCIT:C4908	10	NCIT
ovarian clear cell adenocarcinoma	DOID:5304	10	DOID
ovarian clear cell adenocarcinoma	MONDO:0006045	10	MONDO
ovarian clear cell adenocarcinoma	NCIT:C40078	10	NCIT
ovarian clear cell carcinoma	DOID:0050934	10	DOID
ovarian clear cell carcinoma	MONDO:0000548	4	MONDO
ovarian endometrial cancer	DOID:6212	10	DOID
ovarian endometrial cancer	MONDO:0003812	10	MONDO
ovarian mucinous neoplasm	DOID:6067	10	DOID
ovarian mucinous neoplasm	MONDO:0003756	10	MONDO
ovarian mucinous neoplasm	NCIT:C5242	8	NCIT
ovarian serous carcinoma	DOID:0050933	10	DOID
ovarian serous carcinoma	MONDO:0005211	8	MONDO
ovarian serous carcinoma	NCIT:C7550	8	NCIT
ovary adenocarcinoma	DOID:3713	10	DOID
ovary adenocarcinoma	MONDO:0002752	8	MONDO
ovary epithelial cancer	DOID:2152	10	DOID
ovary epithelial cancer	MONDO:0002229	4	MONDO
pancreatic adenocarcinoma	DOID:4074	10	DOID
pancreatic adenocarcinoma	MONDO:0006047	10	MONDO
pancreatic adenocarcinoma	NCIT:C8294	10	NCIT
pancreatic cancer	DOID:1793	10	DOID
pancreatic cancer	MONDO:0005192	8	MONDO
pancreatic cancer	MONDO:0009831	8	MONDO
pancreatic cancer	NCIT:C3850	8	NCIT
pancreatic cancer	NCIT:C91446	8	NCIT
pancreatic carcinoma	DOID:4905	10	DOID
pancreatic carcinoma	MONDO:0005192	8	MONDO
pancreatic carcinoma	NCIT:C3850	10	NCIT
pancreatic ductal adenocarcinoma	DOID:3498	10	DOID
pancreatic ductal adenocarcinoma	MONDO:0005184	10	MONDO
pancreatic ductal adenocarcinoma	NCIT:C9120	10	NCIT
pancreatic ductal carcinoma	DOID:3587	10	DOID
pancreatic ductal carcinoma	MONDO:0005184	8	MONDO
papillary renal cell carcinoma	DOID:4465	10	DOID
papillary renal cell carcinoma	MONDO:0017884	10	MONDO
papillary renal cell carcinoma	NCIT:C6975	10	NCIT
papillary thyroid carcinoma	DOID:3969	10	DOID
papillary thyroid carcinoma	MONDO:0005075	8	MONDO
papillary thyroid carcinoma	NCIT:C4035	8	NCIT
parotid gland cancer	DOID:9036	10	DOID
parotid gland cancer	MONDO:0004700	10	MONDO
parotid gland cancer	NCIT:C3525	8	NCIT
parotid gland cancer	NCIT:C6791	8	NCIT
peripheral T-cell lymphoma	DOID:0050749	10	DOID
peripheral T-cell lymphoma	MONDO:0000430	8	MONDO
peripheral T-cell lymphoma	NCIT:C3468	8	NCIT
peripheral T-cell lymphoma	NCIT:C4340	8	NCIT
peritoneum cancer	DOID:1725	10	DOID
peritoneum cancer	MONDO:0002087	10	MONDO
pharynx squamous cell carcinoma	DOID:0050921	10	DOID
pharynx squamous cell carcinoma	MONDO:0000536	8	MONDO
pilocytic astrocytoma	DOID:4851	10	DOID
pilocytic astrocytoma	MONDO:0016691	10	MONDO
pilocytic astrocytoma	NCIT:C4047	10	NCIT
pituitary carcinoma	DOID:4916	10	DOID
pituitary carcinoma	MONDO:0017582	8	MONDO
pituitary carcinoma	NCIT:C4536	8	NCIT
pleomorphic xanthoastrocytoma	DOID:4852	10	DOID
pleomorphic xanthoastrocytoma	MONDO:0016690	10	MONDO
pleomorphic xanthoastrocytoma	NCIT:C4323	10	NCIT
prostate adenocarcinoma	DOID:2526	10	DOID
prostate adenocarcinoma	MONDO:0005082	10	MONDO
prostate adenocarcinoma	NCIT:C2919	10	NCIT
prostate cancer	DOID:10283	10	DOID
prostate cancer	MONDO:0008315	10	MONDO
prostate cancer	NCIT:C4863	8	NCIT
prostate cancer	NCIT:C91517	8	NCIT
prostate carcinoma	DOID:10286	10	DOID
prostate carcinoma	MONDO:0005159	10	MONDO
prostate carcinoma	NCIT:C4863	10	NCIT
prostate neuroendocrine neoplasm	DOID:2992	10	DOID
prostate neuroendocrine neoplasm	MONDO:0002477	10	MONDO
prostate neuroendocrine neoplasm	NCIT:C5545	10	NCIT
rectum adenocarcinoma	DOID:1996	10	DOID
rectum adenocarcinoma	MONDO:0002169	10	MONDO
rectum cancer	DOID:1993	10	DOID
rectum cancer	MONDO:0006519	8	MONDO
rectum mucinous adenocarcinoma	DOID:3709	10	DOID
rectum mucinous adenocarcinoma	MONDO:0002748	10	MONDO
refractory hairy cell leukemia	DOID:711	10	DOID
refractory hairy cell leukemia	MONDO:0004110	10	MONDO
refractory hairy cell leukemia	NCIT:C8030	10	NCIT
renal carcinoma	DOID:4451	10	DOID
renal carcinoma	MONDO:0005206	10	MONDO
renal carcinoma	NCIT:C9384	8	NCIT
renal cell carcinoma	DOID:4450	10	DOID
renal cell carcinoma	MONDO:0005086	10	MONDO
renal cell carcinoma	NCIT:C9385	10	NCIT
renal pelvis transitional cell carcinoma	DOID:5974	10	DOID
renal pelvis transitional cell carcinoma	MONDO:0005221	8	MONDO
renal pelvis transitional cell carcinoma	NCIT:C7355	8	NCIT
retinoblastoma	DOID:768	10	DOID
retinoblastoma	MONDO:0008380	10	MONDO
retinoblastoma	NCIT:C7541	10	NCIT
rhabdoid cancer	DOID:3672	10	DOID
rhabdoid cancer	MONDO:0002728	4	MONDO
rhabdomyosarcoma	DOID:3247	10	DOID
rhabdomyosarcoma	MONDO:0005212	10	MONDO
rhabdomyosarcoma	NCIT:C3359	10	NCIT
salivary gland adenoid cystic carcinoma	DOID:4866	10	DOID
salivary gland adenoid cystic carcinoma	MONDO:0003175	10	MONDO
salivary gland adenoid cystic carcinoma	NCIT:C8026	10	NCIT
salivary gland cancer	DOID:8850	10	DOID
salivary gland cancer	MONDO:0004669	10	MONDO
salivary gland cancer	NCIT:C3811	8	NCIT
salivary gland cancer	NCIT:C9272	8	NCIT
salivary gland carcinoma	DOID:0050904	10	DOID
salivary gland carcinoma	MONDO:0000521	10	MONDO
salivary gland carcinoma	NCIT:C9272	10	NCIT
sarcoma	DOID:1115	10	DOID
sarcoma	MONDO:0005089	10	MONDO
sarcoma	NCIT:C9118	10	NCIT
scrotum Paget's disease	DOID:3444	10	DOID
scrotum Paget's disease	MONDO:0002649	10	MONDO
seminoma	DOID:4440	10	DOID
seminoma	MONDO:0003001	10	MONDO
seminoma	NCIT:C9309	10	NCIT
skin cancer	DOID:4159	10	DOID
skin cancer	MONDO:0002898	10	MONDO
skin cancer	NCIT:C2920	8	NCIT
skin melanoma	DOID:8923	10	DOID
skin melanoma	MONDO:0005012	8	MONDO
skin melanoma	NCIT:C3510	8	NCIT
skin squamous cell carcinoma	DOID:3151	10	DOID
skin squamous cell carcinoma	MONDO:0002529	10	MONDO
skin squamous cell carcinoma	NCIT:C4819	10	NCIT
small intestine carcinoma	DOID:4907	10	DOID
small intestine carcinoma	MONDO:0005522	10	MONDO
small intestine neuroendocrine neoplasm	DOID:4434	10	DOID
small intestine neuroendocrine neoplasm	MONDO:0018510	10	MONDO
small intestine neuroendocrine neoplasm	NCIT:C5803	8	NCIT
squamous cell carcinoma	DOID:1749	10	DOID
squamous cell carcinoma	MONDO:0005096	10	MONDO
squamous cell carcinoma	NCIT:C2929	10	NCIT
stomach cancer	DOID:10534	10	DOID
stomach cancer	MONDO:0001056	8	MONDO
stomach cancer	NCIT:C4911	8	NCIT
stomach carcinoma	DOID:5517	10	DOID
stomach carcinoma	MONDO:0004950	8	MONDO
stomach carcinoma	NCIT:C4911	8	NCIT
synovial sarcoma	DOID:5485	10	DOID
synovial sarcoma	MONDO:0010434	10	MONDO
tenosynovial giant cell tumor	DOID:314	10	DOID
tenosynovial giant cell tumor	MONDO:0002522	10	MONDO
tenosynovial giant cell tumor	NCIT:C3402	10	NCIT
thymic carcinoma	DOID:3284	10	DOID
thymic carcinoma	MONDO:0006451	10	MONDO
thymic carcinoma	NCIT:C7569	10	NCIT
thymoma	DOID:3275	10	DOID
thymoma	MONDO:0006456	10	MONDO
thymoma	NCIT:C3411	10	NCIT
thyroid cancer	DOID:1781	10	DOID
thyroid cancer	MONDO:0002108	10	MONDO
thyroid cancer	NCIT:C4815	8	NCIT
thyroid cancer	NCIT:C91496	8	NCIT
thyroid carcinoma	DOID:3963	10	DOID
thyroid carcinoma	MONDO:0015075	8	MONDO
thyroid carcinoma	NCIT:C4815	8	NCIT
thyroid medullary carcinoma	DOID:3973	10	DOID
thyroid medullary carcinoma	MONDO:0015277	8	MONDO
thyroid medullary carcinoma	NCIT:C3879	8	NCIT
tongue squamous cell carcinoma	DOID:0050865	10	DOID
tongue squamous cell carcinoma	MONDO:0000500	10	MONDO
tongue squamous cell carcinoma	NCIT:C4648	10	NCIT
transitional cell carcinoma	DOID:2671	10	DOID
transitional cell carcinoma	MONDO:0006474	10	MONDO
transitional cell carcinoma	NCIT:C2930	10	NCIT
triple-receptor negative breast cancer	DOID:0060081	10	DOID
triple-receptor negative breast cancer	MONDO:0005494	8	MONDO
urinary bladder cancer	DOID:11054	10	DOID
urinary bladder cancer	MONDO:0001187	10	MONDO
urinary bladder cancer	NCIT:C4912	8	NCIT
urinary system cancer	DOID:3996	10	DOID
urinary system cancer	MONDO:0006295	8	MONDO
uterine cancer	DOID:363	10	DOID
uterine cancer	MONDO:0002715	10	MONDO
uterine cancer	NCIT:C3552	8	NCIT
uterine corpus sarcoma	DOID:5165	10	DOID
uterine corpus sarcoma	MONDO:0005210	10	MONDO
uterine corpus sarcoma	NCIT:C6339	10	NCIT
uterine corpus serous adenocarcinoma	DOID:5750	10	DOID
uterine corpus serous adenocarcinoma	MONDO:0003629	10	MONDO
uterine corpus serous adenocarcinoma	NCIT:C27838	8	NCIT
uterus leiomyosarcoma	DOID:5289	10	DOID
uterus leiomyosarcoma	MONDO:0003375	8	MONDO
uveal cancer	DOID:3479	10	DOID
uveal cancer	MONDO:0002659	10	MONDO
uveal melanoma	DOID:6039	10	DOID
uveal melanoma	MONDO:0006486	10	MONDO
uveal melanoma	NCIT:C7712	10	NCIT
vaginal squamous tumor	DOID:138	10	DOID
vaginal squamous tumor	MONDO:0001806	10	MONDO
vaginal squamous tumor	NCIT:C40242	9	NCIT
vulva squamous cell carcinoma	DOID:2101	10	DOID
vulva squamous cell carcinoma	MONDO:0024609	8	MONDO
vulva squamous cell carcinoma	NCIT:C4052	8	NCIT
vulvar melanoma	DOID:2093	10	DOID
vulvar melanoma	MONDO:0002205	10	MONDO
vulvar melanoma	NCIT:C40329	10	NCIT
